,Datetime,file,shortwave_incoming_radiation,shortwave_outgoing_radiation,net_radiation,air_temperature_1,air_temperature_1_max,air_temperature_1_min,air_temperature_cs500_air1,air_temperature_cs500_air2,relative_humidity_1,relative_humidity_2,wind_speed_1,wind_speed_u1_max,wind_speed_2,wind_speed_u2_max,wind_from_direction_1,wind_from_direction_2,air_pressure,height_wind_sensor_1,height_wind_sensor_2,battery_voltage,air_temperature_2,snow_depth_1,snow_depth_2,sensible_heat_flux,latent_heat_flux,air_temperature_2m,relative_humidity_2m,wind_speed_10m,solar_zenith_angle,solar_azimuth_angle,surface_albedo,relative_humidity_1_cor,relative_humidity_2_cor,specific_humidity_1,specific_humidity_2,shortwave_incoming_radiation_max,shortwave_incoming_radiation_stdev,net_radiation_stdev,air_temperature_2_max,air_temperature_2_min,wind_speed_u1_stdev,wind_speed_u2_stdev,ref_temperature,snow_temperature_1,snow_temperature_2,snow_temperature_3,snow_temperature_4,snow_temperature_5,snow_temperature_6,snow_temperature_7,snow_temperature_8,snow_temperature_9,snow_temperature_10,incoming_uv_radiation,incoming_longwave_radiation,surface_temperature_1,surface_temperature_2,net_radiation_maximum,season,year,month,DayOfYear,DayOfCentury
18920,1999-06-20,KULU,413.75,60.48,26.62,,,,,-5.87,,,,,1.44,,36.71,,,,,12.85,,,,,,,,,62.77,162.9,,,,,,,,,,,,,,,,,,,,,,,,,,,,,Summer,1999,June,171,729441
18945,1999-06-21,KULU,161.94,148.31,13.02,0.27,,,-0.64,-0.82,93.72,93.16,2.22,,5.95,,158.46,199.41,887.06,2.22,,13.08,-0.66,0.21,,,,,,,67.01,177.9,,93.96,94.14,4.1,3.84,,,,,,,,,,,,,,,,,,,,,,,,Summer,1999,June,172,729442
18957,1999-06-22,KULU,228.92,185.71,28.82,-2.67,,,-3.8,-3.56,97.11,79.08,6.46,,10.37,,,214.58,888.47,2.18,,13.52,-3.53,0.25,,,,,,,67.01,177.9,,99.69,82.34,3.48,2.59,,,,,,,,,,,,,,,,,,,,,,,,Summer,1999,June,173,729443
18985,1999-06-23,KULU,207.5,171.24,16.13,-3.12,,,-4.3,-3.13,95.23,74.49,2.0,,3.57,,,68.6,893.41,2.15,,13.45,-2.98,0.28,,,,,,,67.02,177.9,,98.48,77.18,3.31,2.54,,,,,,,,,,,,,,,,,,,,,,,,Summer,1999,June,174,729444
19007,1999-06-24,KULU,186.78,154.17,28.53,-1.59,,,-2.72,-1.22,86.92,73.27,1.01,,2.74,,30.6,61.88,892.51,2.17,,13.59,-1.15,0.26,,,,,,,67.03,177.9,,88.52,74.42,3.32,2.87,,,,,,,,,,,,,,,,,,,,,,,,Summer,1999,June,175,729445
19027,1999-06-25,KULU,205.95,165.55,30.24,-2.47,,,-3.31,-1.58,83.12,75.39,3.97,,6.59,,,33.07,895.55,2.17,,13.64,-1.52,0.26,,,,,,,67.05,177.9,,85.53,77.23,3.02,2.94,,,,,,,,,,,,,,,,,,,,,,,,Summer,1999,June,176,729446
19041,1999-06-26,KULU,220.0,167.95,48.47,0.37,,,-0.23,1.43,78.64,71.92,6.51,,10.31,,,27.37,897.5,2.18,,13.76,1.5,0.25,,,,,,,67.08,177.9,,79.03,72.03,3.46,3.45,,,,,,,,,,,,,,,,,,,,,,,,Summer,1999,June,177,729447
19056,1999-06-27,KULU,175.91,144.29,32.08,0.03,,,-1.17,1.47,98.56,73.28,3.01,,5.25,,,22.36,905.49,2.1,,13.57,1.58,0.33,,,,,,,67.12,177.9,,98.72,73.36,4.16,3.49,,,,,,,,,,,,,,,,,,,,,,,,Summer,1999,June,178,729448
19073,1999-06-28,KULU,220.13,170.91,51.74,1.64,,,0.49,3.24,92.83,84.3,1.57,,2.85,,,24.34,902.75,2.13,,13.54,3.33,0.3,,,,,,,67.16,177.9,,92.83,84.3,4.41,4.53,,,,,,,,,,,,,,,,,,,,,,,,Summer,1999,June,179,729449
19096,1999-06-29,KULU,220.58,170.48,47.22,2.04,,,1.23,2.96,83.06,79.57,3.74,,5.59,,,16.38,903.94,2.16,,13.6,3.04,0.27,,,,,,,67.21,177.9,,83.06,79.57,4.08,4.2,,,,,,,,,,,,,,,,,,,,,,,,Summer,1999,June,180,729450
19114,1999-06-30,KULU,214.34,166.1,48.4,2.89,,,2.09,3.82,85.65,83.92,3.9,,5.47,,19.32,16.86,904.02,2.2,,13.62,3.92,0.23,,,,,,,67.27,177.9,,85.65,83.92,4.45,4.69,,,,,,,,,,,,,,,,,,,,,,,,Summer,1999,June,181,729451
19125,1999-07-01,KULU,213.56,164.99,49.75,3.09,,,2.32,3.99,90.41,89.49,3.21,,4.32,,22.1,26.28,906.6,2.24,,13.59,4.07,0.19,,,,,,,67.33,177.9,,90.41,89.49,4.75,5.04,,,,,,,,,,,,,,,,,,,,,,,,Summer,1999,July,182,729452
19151,1999-07-02,KULU,215.78,165.0,50.69,3.45,,,2.71,4.23,91.85,91.41,3.99,,5.12,,22.45,18.3,903.82,2.31,,13.55,4.3,0.12,,,,,,,67.4,177.9,,91.85,91.41,4.96,5.24,,,,,,,,,,,,,,,,,,,,,,,,Summer,1999,July,183,729453
19170,1999-07-03,KULU,209.06,162.76,39.58,2.64,,,1.81,3.22,91.38,91.35,2.5,,3.14,,76.58,106.73,908.72,2.38,,13.52,3.38,0.05,,,,,,,67.48,177.9,,91.38,91.35,4.63,4.88,,,,,,,,,,,,,,,,,,,,,,,,Summer,1999,July,184,729454
19189,1999-07-04,KULU,213.52,167.07,41.77,1.98,,,1.17,2.35,88.44,88.08,3.21,,3.7,,24.88,22.12,906.67,2.41,,13.63,2.45,0.02,,,,,,,67.56,177.9,,88.44,88.08,4.31,4.43,,,,,,,,,,,,,,,,,,,,,,,,Summer,1999,July,185,729455
19197,1999-07-05,KULU,206.61,162.18,39.84,1.93,,,1.09,2.26,89.48,90.52,3.77,,3.79,,,,907.22,2.45,,13.56,2.37,-0.02,,,,,,,67.65,177.9,,89.48,90.52,4.33,4.52,,,,,,,,,,,,,,,,,,,,,,,,Summer,1999,July,186,729456
19208,1999-07-06,KULU,214.53,169.16,39.31,2.01,,,1.24,2.31,86.41,86.63,3.99,,3.99,,30.92,29.79,903.37,2.48,,13.61,2.39,-0.05,,,,,,,67.75,177.9,,86.41,86.63,4.22,4.35,,,,,,,,,,,,,,,,,,,,,,,,Summer,1999,July,187,729457
19235,1999-07-07,KULU,206.4,164.64,34.88,0.78,,,-0.05,0.98,88.09,89.14,3.21,,3.21,,31.49,39.08,903.67,2.51,,13.64,1.13,-0.08,,,,,,,67.86,177.9,,88.52,89.47,3.97,4.11,,,,,,,,,,,,,,,,,,,,,,,,Summer,1999,July,188,729458
19251,1999-07-08,KULU,130.68,105.0,27.74,2.49,,,1.65,2.93,90.17,90.28,4.32,,4.33,,100.95,145.36,900.43,2.54,,13.62,3.17,-0.11,,,,,,,67.97,177.9,,90.17,90.28,4.59,4.83,,,,,,,,,,,,,,,,,,,,,,,,Summer,1999,July,189,729459
19272,1999-07-09,KULU,157.67,126.12,30.59,2.23,,,1.4,2.43,90.93,91.69,3.17,,3.38,,100.33,120.75,893.91,2.58,,13.53,2.65,-0.15,,,,,,,68.08,177.9,,90.93,91.69,4.57,4.75,,,,,,,,,,,,,,,,,,,,,,,,Summer,1999,July,190,729460
19290,1999-07-10,KULU,200.95,160.28,43.16,1.65,,,0.86,1.96,90.59,92.56,2.16,,2.17,,52.23,58.59,898.26,2.61,,13.57,2.09,-0.18,,,,,,,68.21,177.9,,90.59,92.56,4.33,4.57,,,,,,,,,,,,,,,,,,,,,,,,Summer,1999,July,191,729461
19312,1999-07-11,KULU,205.34,164.16,41.44,1.82,,,0.85,1.91,89.06,89.44,1.8,,1.83,,38.19,102.21,895.15,2.64,,13.56,2.15,-0.21,,,,,,,68.34,177.9,,89.06,89.44,4.34,4.46,,,,,,,,,,,,,,,,,,,,,,,,Summer,1999,July,192,729462
19321,1999-07-12,KULU,212.89,165.08,39.57,1.8,,,1.34,2.61,75.34,73.36,14.77,,14.81,,27.35,109.44,895.11,2.68,,13.64,2.7,-0.25,,,,,,,68.48,177.9,,75.36,73.36,3.68,3.83,,,,,,,,,,,,,,,,,,,,,,,,Summer,1999,July,193,729463
19345,1999-07-13,KULU,210.98,164.85,37.54,1.66,,,0.95,1.86,72.55,71.42,10.39,,10.45,,28.29,62.97,895.75,2.71,,13.65,1.96,-0.28,,,,,,,68.62,177.9,,72.58,71.43,3.52,3.54,,,,,,,,,,,,,,,,,,,,,,,,Summer,1999,July,194,729464
19368,1999-07-14,KULU,205.62,164.77,37.41,0.55,,,-0.25,0.66,82.01,82.05,4.28,,4.54,,25.15,21.07,894.44,2.74,,13.63,0.76,-0.31,,,,,,,68.77,177.9,,82.47,82.44,3.68,3.73,,,,,,,,,,,,,,,,,,,,,,,,Summer,1999,July,195,729465
19381,1999-07-15,KULU,198.4,158.62,45.32,2.27,,,1.48,2.39,86.77,85.94,4.05,,4.16,,25.31,21.42,891.61,2.77,,13.63,2.53,-0.34,,,,,,,68.93,177.9,,86.77,85.94,4.37,4.41,,,,,,,,,,,,,,,,,,,,,,,,Summer,1999,July,196,729466
19401,1999-07-16,KULU,177.69,143.55,35.9,1.53,,,0.76,1.93,86.03,86.19,2.45,,2.45,,43.89,43.79,890.66,2.8,,13.61,2.09,-0.37,,,,,,,69.09,177.9,,86.03,86.19,4.11,4.29,,,,,,,,,,,,,,,,,,,,,,,,Summer,1999,July,197,729467
19419,1999-07-17,KULU,124.76,101.61,25.01,1.31,,,0.41,1.32,92.66,93.22,1.43,,1.43,,129.18,153.3,898.15,2.81,,13.67,1.57,-0.38,,,,,,,69.26,177.9,,92.67,93.22,4.33,4.44,,,,,,,,,,,,,,,,,,,,,,,,Summer,1999,July,198,729468
19432,1999-07-18,KULU,174.62,143.06,34.22,2.18,,,1.28,2.28,91.19,91.39,2.23,,2.25,,81.53,95.91,901.32,2.83,,13.63,2.48,-0.4,,,,,,,69.43,177.9,,91.19,91.39,4.54,4.63,,,,,,,,,,,,,,,,,,,,,,,,Summer,1999,July,199,729469
19449,1999-07-19,KULU,137.02,110.36,24.59,1.14,,,0.28,1.33,90.95,92.25,2.71,,2.74,,41.23,66.51,904.16,2.86,,13.6,1.57,-0.43,,,,,,,69.61,177.9,,91.17,92.37,4.2,4.38,,,,,,,,,,,,,,,,,,,,,,,,Summer,1999,July,200,729470
19465,1999-07-20,KULU,188.34,151.38,40.35,2.22,,,1.4,2.37,89.31,89.53,3.67,,3.7,,20.83,18.75,907.5,2.88,,13.6,2.53,-0.45,,,,,,,69.8,177.9,,89.31,89.53,4.4,4.51,,,,,,,,,,,,,,,,,,,,,,,,Summer,1999,July,201,729471
19483,1999-07-21,KULU,199.93,160.44,31.14,1.27,,,0.51,1.43,75.67,74.49,8.45,,8.86,,19.18,36.09,904.87,2.92,,13.72,1.53,-0.49,,,,,,,69.99,177.9,,75.79,74.57,3.54,3.55,,,,,,,,,,,,,,,,,,,,,,,,Summer,1999,July,202,729472
19507,1999-07-22,KULU,144.46,116.13,26.96,2.16,,,1.35,2.27,84.55,83.49,3.92,,3.92,,63.95,65.61,901.82,2.93,,13.68,2.48,-0.5,,,,,,,70.19,177.9,,84.56,83.49,4.2,4.24,,,,,,,,,,,,,,,,,,,,,,,,Summer,1999,July,203,729473
19520,1999-07-23,KULU,192.04,153.24,35.15,1.4,,,0.6,1.55,80.23,79.67,5.63,,5.66,,19.92,17.59,899.92,2.96,,13.58,1.69,-0.53,,,,,,,70.39,177.9,,80.41,79.83,3.81,3.85,,,,,,,,,,,,,,,,,,,,,,,,Summer,1999,July,204,729474
19548,1999-07-24,KULU,179.12,144.71,31.97,1.04,,,0.21,1.33,80.43,78.39,4.33,,4.35,,23.01,,904.79,2.99,,13.63,1.49,-0.56,,,,,,,70.6,177.9,,80.83,78.69,3.72,3.74,,,,,,,,,,,,,,,,,,,,,,,,Summer,1999,July,205,729475
19560,1999-07-25,KULU,105.43,86.01,28.87,2.57,,,1.67,2.83,94.86,,2.93,,2.93,,33.37,48.76,904.71,3.02,,13.58,3.12,-0.59,,,,,,,70.81,177.9,,94.86,,4.81,,,,,,,,,,,,,,,,,,,,,,,,,Summer,1999,July,206,729476
19576,1999-07-26,KULU,181.36,143.68,38.61,2.2,,,1.41,2.45,95.23,95.87,2.99,,3.03,,34.78,34.49,902.7,3.04,,13.55,2.59,-0.61,,,,,,,71.03,177.9,,95.23,95.87,4.72,4.88,,,,,,,,,,,,,,,,,,,,,,,,Summer,1999,July,207,729477
19600,1999-07-27,KULU,94.28,76.14,24.61,2.34,,,1.47,2.32,98.22,98.66,3.95,,3.97,,38.37,36.34,906.48,3.08,,13.68,2.58,-0.65,,,,,,,71.26,177.9,,98.22,98.66,4.88,4.99,,,,,,,,,,,,,,,,,,,,,,,,Summer,1999,July,208,729478
19609,1999-07-28,KULU,161.16,125.07,45.49,3.2,,,2.41,3.42,97.44,97.95,,,,,26.48,23.17,910.04,3.13,,13.55,3.61,-0.7,,,,,,,71.49,177.9,,97.44,97.95,5.14,5.32,,,,,,,,,,,,,,,,,,,,,,,,Summer,1999,July,209,729479
19623,1999-07-29,KULU,117.46,91.07,38.53,3.76,,,2.97,3.97,96.62,96.45,6.03,,6.03,,19.93,16.37,912.21,3.19,,13.72,4.21,-0.76,,,,,,,71.72,177.9,,96.62,96.45,5.29,5.45,,,,,,,,,,,,,,,,,,,,,,,,Summer,1999,July,210,729480
19653,1999-07-30,KULU,173.99,115.37,52.5,4.95,,,4.27,5.26,94.18,95.72,7.36,,7.36,,26.04,24.32,907.22,3.26,,13.61,5.39,-0.83,,,,,,,71.96,177.9,,94.18,95.72,5.63,5.91,,,,,,,,,,,,,,,,,,,,,,,,Summer,1999,July,211,729481
19659,1999-07-31,KULU,174.54,110.45,55.32,4.31,,,3.6,4.64,93.01,94.3,6.48,,6.5,,22.55,19.17,904.04,3.31,,13.6,4.81,-0.88,,,,,,,72.2,177.9,,93.01,94.3,5.36,5.63,,,,,,,,,,,,,,,,,,,,,,,,Summer,1999,July,212,729482
19683,1999-08-01,KULU,78.64,50.07,24.38,3.38,,,2.54,3.5,91.77,91.32,3.73,,3.74,,32.49,34.65,907.65,3.36,,13.79,3.78,-0.93,,,,,,,72.45,177.9,,91.77,91.32,4.93,5.05,,,,,,,,,,,,,,,,,,,,,,,,Summer,1999,August,213,729483
19709,1999-08-02,KULU,99.35,62.01,42.29,2.7,,,1.84,3.2,92.57,91.72,3.68,,3.68,,24.22,24.06,913.58,3.37,,13.72,3.49,-0.94,,,,,,,72.7,177.9,,92.57,91.72,4.69,4.91,,,,,,,,,,,,,,,,,,,,,,,,Summer,1999,August,214,729484
19716,1999-08-03,KULU,109.33,67.82,45.53,3.52,,,2.69,4.59,93.83,93.53,3.11,,3.26,,29.22,32.93,912.95,3.4,,13.54,4.88,-0.97,,,,,,,72.96,177.9,,93.83,93.53,5.06,5.57,,,,,,,,,,,,,,,,,,,,,,,,Summer,1999,August,215,729485
19734,1999-08-04,KULU,166.35,99.92,66.33,3.89,,,3.16,4.2,95.27,95.19,5.39,,5.39,,23.59,20.05,912.05,3.43,,13.57,4.36,-1.0,,,,,,,73.22,177.9,,95.27,95.19,5.26,5.43,,,,,,,,,,,,,,,,,,,,,,,,Summer,1999,August,216,729486
19748,1999-08-05,KULU,113.17,68.2,42.79,3.85,,,3.08,4.21,91.77,91.31,5.38,,5.38,,34.76,32.52,914.33,3.41,,13.53,4.45,-0.98,,,,,,,73.49,177.9,,91.77,91.31,5.05,5.24,,,,,,,,,,,,,,,,,,,,,,,,Summer,1999,August,217,729487
19778,1999-08-06,KULU,167.53,97.96,62.13,4.1,,,3.43,4.51,95.81,95.85,6.27,,6.32,,46.27,45.89,914.93,3.39,,13.55,4.66,-0.96,,,,,,,73.76,177.9,,95.81,95.85,5.35,5.57,,,,,,,,,,,,,,,,,,,,,,,,Summer,1999,August,218,729488
19786,1999-08-07,KULU,121.07,75.45,40.62,3.32,,,2.55,3.9,95.35,95.37,3.64,,3.64,,72.43,79.9,915.18,3.39,,13.6,4.12,-0.96,,,,,,,74.03,177.9,,95.35,95.37,5.04,5.34,,,,,,,,,,,,,,,,,,,,,,,,Summer,1999,August,219,729489
19817,1999-08-08,KULU,144.24,93.15,44.98,1.81,,,1.01,1.73,95.04,95.99,1.76,,1.76,,132.35,139.3,914.93,3.42,,13.68,1.96,-0.99,,,,,,,74.31,177.9,,95.11,96.06,4.52,4.62,,,,,,,,,,,,,,,,,,,,,,,,Summer,1999,August,220,729490
19832,1999-08-09,KULU,162.67,101.7,44.46,3.57,,,2.86,3.69,85.79,85.35,6.27,,6.27,,90.6,98.12,905.18,3.44,,13.7,3.86,-1.01,,,,,,,74.59,177.9,,85.79,85.35,4.67,4.74,,,,,,,,,,,,,,,,,,,,,,,,Summer,1999,August,221,729491
19844,1999-08-10,KULU,148.33,97.74,37.35,1.46,,,0.65,1.52,82.39,82.64,3.47,,3.47,,89.9,99.54,904.11,3.46,,13.63,1.69,-1.03,,,,,,,74.88,177.9,,82.44,82.67,3.89,3.96,,,,,,,,,,,,,,,,,,,,,,,,Summer,1999,August,222,729492
19862,1999-08-11,KULU,73.29,50.71,23.58,1.34,,,0.42,0.9,95.09,97.9,2.09,,2.09,,111.76,120.11,907.23,3.47,,13.63,1.21,-1.04,,,,,,,75.17,177.9,,95.09,97.9,4.4,4.49,,,,,,,,,,,,,,,,,,,,,,,,Summer,1999,August,223,729493
19887,1999-08-12,KULU,141.83,91.22,43.68,2.99,,,2.24,3.04,87.99,88.28,2.89,,2.89,,97.52,107.73,903.18,3.5,,13.6,3.24,-1.07,,,,,,,75.46,177.9,,87.99,88.28,4.61,4.7,,,,,,,,,,,,,,,,,,,,,,,,Summer,1999,August,224,729494
19906,1999-08-13,KULU,160.53,98.91,44.83,3.17,,,2.45,3.29,79.66,79.85,10.08,,10.13,,72.37,73.88,900.6,3.53,,13.7,3.51,-1.1,,,,,,,75.76,177.9,,79.66,79.85,4.25,4.36,,,,,,,,,,,,,,,,,,,,,,,,Summer,1999,August,225,729495
19922,1999-08-14,KULU,156.6,98.89,31.69,1.21,,,0.45,1.23,67.5,68.25,6.7,,6.71,,87.25,92.1,907.12,3.57,,13.72,1.39,-1.14,,,,,,,76.06,177.9,,67.71,68.43,3.14,3.22,,,,,,,,,,,,,,,,,,,,,,,,Summer,1999,August,226,729496
19932,1999-08-15,KULU,152.94,100.57,32.21,0.59,,,-0.18,0.37,75.54,76.43,3.2,,3.22,,96.93,105.94,910.97,3.56,,13.58,0.51,-1.13,,,,,,,76.37,177.9,,75.91,76.75,3.36,3.35,,,,,,,,,,,,,,,,,,,,,,,,Summer,1999,August,227,729497
19948,1999-08-16,KULU,150.56,98.49,35.96,0.5,,,-0.26,0.65,75.31,76.49,4.9,,4.92,,81.02,87.5,908.78,3.57,,13.67,0.81,-1.14,,,,,,,76.67,177.9,,75.73,76.86,3.33,3.45,,,,,,,,,,,,,,,,,,,,,,,,Summer,1999,August,228,729498
19964,1999-08-17,KULU,138.6,92.07,32.07,0.87,,,0.09,0.95,73.86,73.22,4.09,,4.09,,83.29,90.53,909.08,3.59,,13.68,1.13,-1.16,,,,,,,76.98,177.9,,74.08,73.4,3.34,3.36,,,,,,,,,,,,,,,,,,,,,,,,Summer,1999,August,229,729499
19989,1999-08-18,KULU,127.47,86.1,32.22,1.59,,,0.79,1.62,76.86,75.44,3.02,,3.05,,86.38,96.06,909.87,3.6,,13.71,1.83,-1.17,,,,,,,77.3,177.9,,76.88,75.45,3.64,3.62,,,,,,,,,,,,,,,,,,,,,,,,Summer,1999,August,230,729500
20013,1999-08-19,KULU,143.12,95.55,33.14,0.75,,,-0.07,0.78,80.61,79.65,2.21,,2.25,,87.07,97.86,907.5,3.61,,13.63,0.94,-1.18,,,,,,,77.61,177.9,,80.88,79.79,3.61,3.6,,,,,,,,,,,,,,,,,,,,,,,,Summer,1999,August,231,729501
20032,1999-08-20,KULU,129.98,108.77,18.29,0.74,,,-0.06,0.46,84.42,86.12,4.11,,4.11,,113.48,114.25,904.88,3.61,,13.59,0.7,-1.18,,,,,,,77.93,177.9,,84.56,86.27,3.75,3.81,,,,,,,,,,,,,,,,,,,,,,,,Summer,1999,August,232,729502
20037,1999-08-21,KULU,120.59,89.5,26.49,2.7,,,1.94,2.92,82.93,80.75,3.3,,3.32,,76.67,83.14,901.38,3.63,,13.59,3.14,-1.2,,,,,,,78.25,177.9,,83.01,80.81,4.34,4.34,,,,,,,,,,,,,,,,,,,,,,,,Summer,1999,August,233,729503
20070,1999-08-22,KULU,79.66,53.57,18.25,2.24,,,1.38,2.25,82.15,81.62,5.52,,5.53,,82.25,89.39,899.19,3.66,,13.61,2.54,-1.23,,,,,,,78.58,177.9,,82.15,81.62,4.13,4.19,,,,,,,,,,,,,,,,,,,,,,,,Summer,1999,August,234,729504
20089,1999-08-23,KULU,111.67,68.26,29.75,1.96,,,1.14,1.95,72.32,72.37,10.07,,10.11,,65.97,64.7,896.94,3.68,,13.62,2.21,-1.25,,,,,,,78.91,177.9,,72.32,72.37,3.56,3.63,,,,,,,,,,,,,,,,,,,,,,,,Summer,1999,August,235,729505
20096,1999-08-24,KULU,63.24,54.48,7.89,0.7,,,-0.19,0.37,81.33,82.56,4.4,,4.41,,99.57,106.12,896.55,3.67,,13.53,0.68,-1.24,,,,,,,79.24,177.9,,81.36,82.59,3.64,3.68,,,,,,,,,,,,,,,,,,,,,,,,Summer,1999,August,236,729506
20121,1999-08-25,KULU,56.5,49.36,9.9,0.8,,,-0.12,0.29,94.22,96.45,1.92,,1.92,,106.93,117.91,894.7,3.66,,13.65,0.61,-1.23,,,,,,,79.57,177.9,,94.24,96.46,4.26,4.29,,,,,,,,,,,,,,,,,,,,,,,,Summer,1999,August,237,729507
20139,1999-08-26,KULU,52.56,39.77,16.51,2.47,,,1.58,2.25,93.78,93.98,5.57,,5.57,,102.75,109.87,889.61,3.65,,13.63,2.59,-1.22,,,,,,,79.9,177.9,,93.78,93.98,4.8,4.85,,,,,,,,,,,,,,,,,,,,,,,,Summer,1999,August,238,729508
20147,1999-08-27,KULU,55.74,41.21,15.01,1.74,,,0.84,1.43,92.56,94.77,5.53,,5.53,,130.22,132.28,887.03,3.7,,13.42,1.79,-1.27,,,,,,,80.24,177.9,,92.56,94.77,4.51,4.63,,,,,,,,,,,,,,,,,,,,,,,,Summer,1999,August,239,729509
20174,1999-08-28,KULU,64.57,45.46,16.89,1.28,,,0.35,1.03,93.3,95.71,1.87,,1.96,,86.18,94.15,892.1,3.69,,13.58,1.37,-1.26,,,,,,,80.58,177.9,,93.3,95.71,4.37,4.51,,,,,,,,,,,,,,,,,,,,,,,,Summer,1999,August,240,729510
20189,1999-08-29,KULU,121.1,80.28,30.58,0.66,,,-0.17,0.67,80.71,81.43,2.71,,2.71,,84.18,95.14,888.75,3.69,,13.64,0.87,-1.26,,,,,,,80.92,177.9,,80.92,81.6,3.64,3.73,,,,,,,,,,,,,,,,,,,,,,,,Summer,1999,August,241,729511
20206,1999-08-30,KULU,60.35,52.59,6.16,0.08,,,-0.81,-0.28,83.66,86.12,4.11,,4.14,,110.36,116.33,884.75,3.69,,13.59,0.04,-1.26,,,,,,,81.26,177.9,,83.83,86.3,3.64,3.72,,,,,,,,,,,,,,,,,,,,,,,,Summer,1999,August,242,729512
20233,1999-08-31,KULU,62.03,54.52,13.35,0.92,,,0.06,0.53,90.76,94.08,5.83,,5.83,,112.65,115.11,866.27,3.69,,13.61,0.86,-1.26,,,,,,,81.61,177.9,,90.76,94.09,4.26,4.4,,,,,,,,,,,,,,,,,,,,,,,,Summer,1999,August,243,729513
20234,1999-09-01,KULU,88.79,81.21,8.5,-0.29,,,-1.12,-0.57,81.74,86.62,7.2,,7.25,,88.16,90.64,869.32,3.64,,13.71,-0.23,-1.21,,,,,,,81.96,177.9,,82.16,87.02,3.55,3.77,,,,,,,,,,,,,,,,,,,,,,,,Autumn,1999,September,244,729514
20260,1999-09-02,KULU,129.01,99.62,14.85,-5.23,,,-6.02,-5.25,77.44,82.41,20.89,,20.89,,61.21,62.19,870.44,3.71,,13.63,-5.07,-1.28,,,,,,,82.31,177.9,,81.5,86.63,2.29,2.46,,,,,,,,,,,,,,,,,,,,,,,,Autumn,1999,September,245,729515
20277,1999-09-03,KULU,73.68,58.46,2.67,-6.18,,,-7.13,-6.31,67.84,73.59,12.38,,12.39,,68.65,72.76,874.8,3.7,,13.63,-6.06,-1.27,,,,,,,82.66,177.9,,72.08,78.14,1.88,2.05,,,,,,,,,,,,,,,,,,,,,,,,Autumn,1999,September,246,729516
20301,1999-09-04,KULU,89.54,69.13,15.22,-4.41,,,-5.28,-4.47,65.91,71.39,10.2,,10.26,,68.32,72.21,888.73,3.7,,13.68,-4.24,-1.27,,,,,,,83.01,177.9,,68.9,74.6,2.04,2.22,,,,,,,,,,,,,,,,,,,,,,,,Autumn,1999,September,247,729517
20317,1999-09-05,KULU,92.32,69.81,11.33,-4.66,,,-5.57,-4.9,80.57,86.84,5.93,,5.94,,118.81,123.73,894.73,3.69,,13.62,-4.62,-1.26,,,,,,,83.37,177.9,,84.19,90.73,2.49,2.68,,,,,,,,,,,,,,,,,,,,,,,,Autumn,1999,September,248,729518
20327,1999-09-06,KULU,107.09,85.9,17.21,-4.56,,,-5.45,-4.71,78.88,83.96,4.51,,4.51,,86.1,95.23,897.58,3.69,,13.63,-4.51,-1.26,,,,,,,83.72,177.9,,82.45,87.75,2.4,2.56,,,,,,,,,,,,,,,,,,,,,,,,Autumn,1999,September,249,729519
20358,1999-09-07,KULU,119.6,91.22,13.79,-6.64,,,-7.52,-6.67,71.18,79.55,7.08,,7.08,,77.37,84.34,898.15,3.7,,13.81,-6.5,-1.27,,,,,,,84.08,177.9,,76.05,85.02,1.85,2.06,,,,,,,,,,,,,,,,,,,,,,,,Autumn,1999,September,250,729520
20369,1999-09-08,KULU,113.8,86.21,14.88,-6.51,,,-7.41,-6.54,69.77,75.59,6.67,,6.78,,75.88,82.13,899.48,3.71,,13.78,-6.35,-1.28,,,,,,,84.44,177.9,,74.43,80.62,1.83,1.98,,,,,,,,,,,,,,,,,,,,,,,,Autumn,1999,September,251,729521
20390,1999-09-09,KULU,119.2,87.42,12.46,-9.41,,,-10.33,-9.44,68.63,85.93,14.72,,14.73,,66.62,70.16,892.27,3.72,,13.76,-9.25,-1.29,,,,,,,84.8,177.9,,75.23,94.24,1.45,1.81,,,,,,,,,,,,,,,,,,,,,,,,Autumn,1999,September,252,729522
20406,1999-09-10,KULU,109.68,80.6,8.72,-6.75,,,-7.65,-6.71,63.15,68.63,8.66,,8.79,,74.28,80.4,894.32,3.73,,13.62,-6.51,-1.3,,,,,,,85.16,177.9,,67.53,73.3,1.63,1.79,,,,,,,,,,,,,,,,,,,,,,,,Autumn,1999,September,253,729523
20421,1999-09-11,KULU,113.19,80.57,11.64,-6.98,,,-7.87,-7.02,68.13,74.83,14.26,,14.27,,70.66,75.16,896.03,3.74,,13.7,-6.83,-1.31,,,,,,,85.52,177.9,,73.02,80.17,1.73,1.9,,,,,,,,,,,,,,,,,,,,,,,,Autumn,1999,September,254,729524
20433,1999-09-12,KULU,109.49,76.47,11.58,-6.74,,,-7.65,-6.76,65.62,69.15,9.87,,9.87,,74.98,80.03,899.76,3.74,,13.77,-6.56,-1.31,,,,,,,85.89,177.9,,70.15,73.81,1.68,1.79,,,,,,,,,,,,,,,,,,,,,,,,Autumn,1999,September,255,729525
20454,1999-09-13,KULU,42.03,39.24,3.73,-3.66,,,-4.61,-3.89,89.28,92.94,5.5,,5.58,,137.25,136.6,899.37,3.67,,13.68,-3.56,-1.24,,,,,,,86.25,177.9,,92.39,96.08,2.94,3.08,,,,,,,,,,,,,,,,,,,,,,,,Autumn,1999,September,256,729526
20477,1999-09-14,KULU,61.74,57.74,7.31,-2.6,,,-3.52,-2.74,79.3,82.75,7.32,,7.32,,85.46,88.88,895.7,3.56,,13.62,-2.46,-1.13,,,,,,,86.62,177.9,,81.32,84.73,2.79,2.95,,,,,,,,,,,,,,,,,,,,,,,,Autumn,1999,September,257,729527
20491,1999-09-15,KULU,81.16,71.12,4.15,-6.29,,,-7.21,-6.29,75.88,82.47,8.08,,8.07,,,77.4,901.63,3.66,,13.6,-6.04,-1.23,,,,,,,86.98,177.9,,80.81,87.74,2.01,2.21,,,,,,,,,,,,,,,,,,,,,,,,Autumn,1999,September,258,729528
20518,1999-09-16,KULU,93.01,76.28,10.19,-5.42,,,-6.33,-5.49,74.07,80.82,8.8,,8.8,,75.68,81.63,901.15,3.73,,13.51,-5.25,-1.3,,,,,,,87.35,177.9,,78.29,85.49,2.13,2.31,,,,,,,,,,,,,,,,,,,,,,,,Autumn,1999,September,259,729529
20527,1999-09-17,KULU,34.96,29.79,8.45,1.28,,,0.37,1.1,82.61,84.75,7.57,,7.57,,70.06,74.95,898.59,3.74,,13.59,1.43,-1.31,,,,,,,87.72,177.9,,82.78,84.92,3.88,4.02,,,,,,,,,,,,,,,,,,,,,,,,Autumn,1999,September,260,729530
20549,1999-09-18,KULU,53.26,40.07,7.96,1.92,,,1.0,1.72,82.0,82.23,4.17,,4.17,,110.71,118.35,905.58,3.76,,13.65,2.08,-1.33,,,,,,,88.09,177.9,,82.0,82.23,3.98,4.03,,,,,,,,,,,,,,,,,,,,,,,,Autumn,1999,September,261,729531
20568,1999-09-19,KULU,36.85,29.12,6.58,0.8,,,-0.13,0.57,82.42,84.56,4.43,,4.59,,83.8,89.69,904.04,3.76,,13.49,0.91,-1.33,,,,,,,88.46,177.9,,82.58,84.7,3.7,3.83,,,,,,,,,,,,,,,,,,,,,,,,Autumn,1999,September,262,729532
20577,1999-09-20,KULU,23.13,18.09,7.22,2.0,,,1.07,1.79,93.02,94.43,4.34,,4.36,,86.1,93.6,905.6,3.77,,13.52,2.16,-1.34,,,,,,,88.83,177.9,,93.02,94.43,4.52,4.64,,,,,,,,,,,,,,,,,,,,,,,,Autumn,1999,September,263,729533
20611,1999-09-21,KULU,76.57,50.83,19.72,2.13,,,1.27,2.17,92.44,93.99,3.72,,3.73,,82.68,92.0,909.93,3.79,,13.53,2.45,-1.36,,,,,,,89.2,177.9,,92.44,93.99,4.51,4.7,,,,,,,,,,,,,,,,,,,,,,,,Autumn,1999,September,264,729534
20614,1999-09-22,KULU,55.18,38.65,-0.99,0.93,,,0.04,0.82,79.57,80.1,5.4,,5.43,,81.43,90.27,905.3,3.79,,13.62,1.12,-1.36,,,,,,,89.57,177.9,,79.67,80.16,3.62,3.69,,,,,,,,,,,,,,,,,,,,,,,,Autumn,1999,September,265,729535
20637,1999-09-23,KULU,84.45,54.84,5.46,-2.78,,,-3.67,-2.86,66.39,68.36,12.85,,12.89,,70.42,75.22,898.11,3.81,,13.69,-2.62,-1.38,,,,,,,89.94,177.9,,68.23,70.17,2.3,2.4,,,,,,,,,,,,,,,,,,,,,,,,Autumn,1999,September,266,729536
20652,1999-09-24,KULU,41.82,29.08,1.06,-1.58,,,-2.57,-1.83,79.01,81.29,4.35,,4.36,,88.91,93.82,899.68,3.81,,13.61,-1.5,-1.38,,,,,,,90.31,177.9,,80.23,82.47,3.01,3.11,,,,,,,,,,,,,,,,,,,,,,,,Autumn,1999,September,267,729537
20666,1999-09-25,KULU,36.2,29.53,5.73,-0.99,,,-1.9,-1.09,83.96,85.35,2.2,,2.21,,90.87,95.12,896.83,3.8,,13.49,-0.78,-1.37,,,,,,,90.68,177.9,,84.8,86.04,3.31,3.41,,,,,,,,,,,,,,,,,,,,,,,,Autumn,1999,September,268,729538
20700,1999-09-26,KULU,59.5,52.18,-9.59,-4.75,,,-5.7,-4.92,80.97,84.54,3.61,,3.62,,145.33,149.81,900.25,3.78,,13.53,-4.63,-1.35,,,,,,,91.05,177.9,,84.65,88.35,2.45,2.56,,,,,,,,,,,,,,,,,,,,,,,,Autumn,1999,September,269,729539
20718,1999-09-27,KULU,73.82,51.72,7.37,-2.93,,,-3.81,-2.95,63.51,68.8,16.13,,16.13,,69.5,73.08,899.45,3.82,,13.6,-2.71,-1.39,,,,,,,91.43,177.9,,65.67,71.1,2.18,2.38,,,,,,,,,,,,,,,,,,,,,,,,Autumn,1999,September,270,729540
20721,1999-09-28,KULU,33.24,23.9,-0.88,-1.01,,,-1.97,-1.18,68.6,69.58,9.78,,9.78,,76.76,80.38,896.36,3.82,,13.52,-0.84,-1.39,,,,,,,91.8,177.9,,69.44,70.43,2.76,2.83,,,,,,,,,,,,,,,,,,,,,,,,Autumn,1999,September,271,729541
20744,1999-09-29,KULU,60.22,38.23,7.27,-3.26,,,-4.19,-3.35,81.93,84.13,18.47,,18.53,,109.92,75.0,878.69,3.83,,13.58,-3.11,-1.4,,,,,,,92.17,177.9,,84.95,87.26,2.82,2.92,,,,,,,,,,,,,,,,,,,,,,,,Autumn,1999,September,272,729542
20773,1999-09-30,KULU,49.73,35.32,-4.93,,,,-23.6,,69.76,,15.89,,15.92,,320.17,233.2,881.53,,,13.64,-8.16,,,,,,,,92.54,177.9,,84.34,,0.8,,,,,,,,,,,,,,,,,,,,,,,,,Autumn,1999,September,273,729543
20789,1999-10-01,KULU,71.77,47.76,0.08,,,,,,67.38,,11.36,,11.36,,,,894.33,,,13.65,-8.79,,,,,,,,92.91,177.9,,67.38,,,,,,,,,,,,,,,,,,,,,,,,,,,Autumn,1999,October,274,729544
20792,1999-10-02,KULU,62.22,42.7,0.86,,,,,,74.55,,4.76,,4.76,,294.8,,909.28,,,13.68,-7.62,,,,,,,,93.28,177.9,,74.55,,,,,,,,,,,,,,,,,,,,,,,,,,,Autumn,1999,October,275,729545
20821,1999-10-03,KULU,24.7,20.51,5.71,,,,,,86.53,,2.12,,2.12,,165.26,,908.08,,,13.68,-4.86,,,,,,,,93.65,177.9,,86.53,,,,,,,,,,,,,,,,,,,,,,,,,,,Autumn,1999,October,276,729546
20845,1999-10-04,KULU,65.74,50.28,6.39,,,,,,82.79,,8.5,,8.5,,260.0,,897.2,,,13.66,-4.77,,,,,,,,94.02,177.9,,82.79,,,,,,,,,,,,,,,,,,,,,,,,,,,Autumn,1999,October,277,729547
20855,1999-10-05,KULU,33.57,24.97,-3.25,,,,,,66.34,,8.51,,8.51,,297.78,,893.05,,,13.55,-7.19,,,,,,,,94.39,177.9,,66.34,,,,,,,,,,,,,,,,,,,,,,,,,,,Autumn,1999,October,278,729548
20875,1999-10-06,KULU,59.35,41.18,-0.75,,,,,,71.22,,8.61,,8.61,,328.69,,893.74,,,13.63,-10.15,,,,,,,,94.76,177.9,,71.22,,,,,,,,,,,,,,,,,,,,,,,,,,,Autumn,1999,October,279,729549
20884,1999-10-07,KULU,47.38,32.12,-3.31,,,,,,66.49,,10.39,,10.39,,330.68,,895.79,,,13.82,-12.16,,,,,,,,95.13,177.9,,66.49,,,,,,,,,,,,,,,,,,,,,,,,,,,Autumn,1999,October,280,729550
20908,1999-10-08,KULU,39.75,27.82,7.42,,,,,,68.83,,5.87,,5.87,,317.27,,899.55,,,13.63,-7.45,,,,,,,,95.5,177.9,,68.83,,,,,,,,,,,,,,,,,,,,,,,,,,,Autumn,1999,October,281,729551
20933,1999-10-09,KULU,19.61,17.49,-0.31,,,,,,75.79,,7.8,,7.8,,300.11,,893.31,,,13.57,-5.21,,,,,,,,95.86,177.9,,77.95,,,,,,,,,,,,,,,,,,,,,,,,,,,Autumn,1999,October,282,729552
20942,1999-10-10,KULU,31.76,25.27,-4.4,,,,,,66.9,,6.39,,6.39,,320.42,,893.31,,,13.5,-5.55,,,,,,,,96.23,177.9,,66.9,,,,,,,,,,,,,,,,,,,,,,,,,,,Autumn,1999,October,283,729553
20956,1999-10-11,KULU,33.71,26.5,-9.21,,,,,,70.66,,5.66,,5.66,,323.46,,898.64,,,13.53,-8.23,,,,,,,,96.59,177.9,,70.66,,,,,,,,,,,,,,,,,,,,,,,,,,,Autumn,1999,October,284,729554
20978,1999-10-12,KULU,23.63,18.77,-3.36,,,,,,76.66,,7.14,,7.14,,326.38,,899.42,,,13.65,-7.35,,,,,,,,96.96,177.9,,76.66,,,,,,,,,,,,,,,,,,,,,,,,,,,Autumn,1999,October,285,729555
20992,1999-10-13,KULU,12.4,10.4,1.27,,,,,,81.2,,8.56,,8.56,,210.55,257.16,890.9,,,13.46,-3.79,,,,,,,,97.32,177.9,,84.98,,,,,,,,,,,,,,,,,,,,,,,,,,,Autumn,1999,October,286,729556
21008,1999-10-14,KULU,17.97,16.86,2.36,,,,,,87.53,,5.78,,5.78,,201.72,,890.15,,,13.46,-3.05,,,,,,,,97.68,177.9,,90.58,,,,,,,,,,,,,,,,,,,,,,,,,,,Autumn,1999,October,287,729557
21043,1999-10-15,KULU,23.51,21.96,0.2,,,,-26.3,,85.89,,2.81,,2.81,,209.64,,898.7,,,13.57,-3.25,,,,,,,,98.04,177.9,,110.69,,0.7,,,,,,,,,,,,,,,,,,,,,,,,,Autumn,1999,October,288,729558
21054,1999-10-16,KULU,16.88,16.29,2.07,,,,,,90.93,,4.92,,4.92,,61.24,,905.58,,,13.2,-3.24,,,,,,,,98.4,177.9,,96.75,,,,,,,,,,,,,,,,,,,,,,,,,,,Autumn,1999,October,289,729559
21077,1999-10-17,KULU,13.39,13.16,1.88,,,,,,93.13,,8.54,,8.54,,33.0,,905.46,,,13.26,-1.34,,,,,,,,98.75,177.9,,93.13,,,,,,,,,,,,,,,,,,,,,,,,,,,Autumn,1999,October,290,729560
21084,1999-10-18,KULU,18.57,18.04,1.95,,,,,-33.72,98.07,,5.71,,5.71,,55.42,,901.93,,,13.3,-1.79,,,,,,,,99.11,177.9,,98.07,,,,,,,,,,,,,,,,,,,,,,,,,,,Autumn,1999,October,291,729561
21114,1999-10-19,KULU,14.21,13.86,0.97,,,,,-23.1,97.09,,6.99,,6.99,,140.47,,901.23,,,12.97,-0.76,,,,,,,,99.46,177.9,,97.09,,,,,,,,,,,,,,,,,,,,,,,,,,,Autumn,1999,October,292,729562
21133,1999-10-20,KULU,10.34,9.21,2.18,,,,,,99.87,,5.45,,5.45,,53.14,274.2,897.73,,,13.08,0.13,,,,,,,,99.81,177.9,,110.89,,,,,,,,,,,,,,,,,,,,,,,,,,,Autumn,1999,October,293,729563
21137,1999-10-21,KULU,10.53,8.92,-0.28,,,,,,98.74,,3.86,,3.86,,129.5,,902.73,,,13.13,-0.16,,,,,,,,100.16,177.9,,99.26,,,,,,,,,,,,,,,,,,,,,,,,,,,Autumn,1999,October,294,729564
21156,1999-10-22,KULU,18.02,15.14,-5.18,,,,,,85.17,,4.46,,4.46,,322.57,,901.0,,,13.28,-2.63,,,,,,,,100.5,177.9,,85.17,,,,,,,,,,,,,,,,,,,,,,,,,,,Autumn,1999,October,295,729565
21175,1999-10-23,KULU,34.43,27.86,-14.08,,,,,,82.64,,11.96,,11.96,,327.09,,898.97,,,13.58,-9.96,,,,,,,,100.85,177.9,,82.64,,,,,,,,,,,,,,,,,,,,,,,,,,,Autumn,1999,October,296,729566
21189,1999-10-24,KULU,19.99,17.26,-22.38,,,,,,74.39,,10.53,,10.53,,311.61,,900.37,,,13.58,-13.24,,,,,,,,101.19,177.9,,74.39,,,,,,,,,,,,,,,,,,,,,,,,,,,Autumn,1999,October,297,729567
21209,1999-10-25,KULU,11.9,11.41,0.63,,,,,,90.9,,6.68,,6.68,,105.56,,895.8,,,13.35,-9.19,,,,,,,,101.53,177.9,,90.9,,,,,,,,,,,,,,,,,,,,,,,,,,,Autumn,1999,October,298,729568
21233,1999-10-26,KULU,7.86,7.65,0.48,,,,,,92.84,,9.52,,9.52,,153.84,,879.1,,,13.19,-6.19,,,,,,,,101.86,177.9,,92.84,,,,,,,,,,,,,,,,,,,,,,,,,,,Autumn,1999,October,299,729569
21255,1999-10-27,KULU,9.8,9.4,-3.91,,,,,,82.24,,9.41,,9.41,,326.56,,,,,13.13,-5.74,,,,,,,,102.2,177.9,,82.24,,,,,,,,,,,,,,,,,,,,,,,,,,,Autumn,1999,October,300,729570
21275,1999-10-28,KULU,15.11,13.86,-11.79,,,,,,82.81,,9.58,,9.58,,330.78,,876.24,,,13.46,-12.46,,,,,,,,102.53,177.9,,82.81,,,,,,,,,,,,,,,,,,,,,,,,,,,Autumn,1999,October,301,729571
21293,1999-10-29,KULU,14.02,13.27,3.64,,,,,,91.13,,6.85,,6.85,,291.55,,882.15,,,13.39,-10.31,,,,,,,,102.86,177.9,,91.13,,,,,,,,,,,,,,,,,,,,,,,,,,,Autumn,1999,October,302,729572
21312,1999-10-30,KULU,7.34,6.24,0.61,,,,,,95.04,,,,,,116.62,,890.25,,,13.24,-7.61,,,,,,,,103.18,177.9,,95.04,,,,,,,,,,,,,,,,,,,,,,,,,,,Autumn,1999,October,303,729573
21330,1999-10-31,KULU,8.05,6.84,-0.06,,,,,,83.3,,,,,,337.66,,887.83,,,13.08,-11.87,,,,,,,,103.5,177.9,,83.3,,,,,,,,,,,,,,,,,,,,,,,,,,,Autumn,1999,October,304,729574
21333,1999-11-01,KULU,9.97,9.14,-5.61,,,,,,75.72,,,,,,,,882.67,,,13.08,-19.49,,,,,,,,103.82,177.9,,75.72,,,,,,,,,,,,,,,,,,,,,,,,,,,Autumn,1999,November,305,729575
21361,1999-11-02,KULU,22.23,18.44,-8.32,,,,,,73.68,,,,,,329.92,,880.01,,,13.4,-19.19,,,,,,,,104.14,177.9,,73.68,,,,,,,,,,,,,,,,,,,,,,,,,,,Autumn,1999,November,306,729576
21369,1999-11-03,KULU,14.64,13.1,-6.18,,,,,,83.1,,7.33,,5.65,,51.29,,881.83,,,13.3,-12.09,,,,,,,,104.45,177.9,,83.1,,,,,,,,,,,,,,,,,,,,,,,,,,,Autumn,1999,November,307,729577
21403,1999-11-04,KULU,0.0,0.0,,,,,,,,,,,,,,,877.57,,,13.1,-18.25,,,,,,,,104.76,177.9,,,,,,,,,,,,,,,,,,,,,,,,,,,,,Autumn,1999,November,308,729578
21408,1999-11-05,KULU,0.0,0.0,,,,,,,,,,,,,,,871.85,,,13.04,,,,,,,,,105.06,177.9,,,,,,,,,,,,,,,,,,,,,,,,,,,,,Autumn,1999,November,309,729579
21427,1999-11-06,KULU,0.01,0.0,,,,,,,,,,,,,,,864.22,,,12.98,-17.02,,,,,,,,105.36,177.9,,,,,,,,,,,,,,,,,,,,,,,,,,,,,Autumn,1999,November,310,729580
21440,1999-11-07,KULU,0.0,0.0,,,,,,,,,,,,,,,873.88,,,12.92,-17.1,,,,,,,,105.66,177.9,,,,,,,,,,,,,,,,,,,,,,,,,,,,,Autumn,1999,November,311,729581
21469,1999-11-08,KULU,0.01,0.01,,,,,,,78.41,,,,,,,,875.1,,,12.83,,,,,,,,,105.95,177.9,,78.41,,,,,,,,,,,,,,,,,,,,,,,,,,,Autumn,1999,November,312,729582
21486,1999-11-09,KULU,0.01,0.01,,,,,,,,,,,,,,,876.33,,,12.8,,,,,,,,,106.24,177.9,,,,,,,,,,,,,,,,,,,,,,,,,,,,,Autumn,1999,November,313,729583
21499,1999-11-10,KULU,0.0,0.0,,,,,,,,,,,,,,,,,,12.79,-16.58,,,,,,,,106.52,177.9,,,,,,,,,,,,,,,,,,,,,,,,,,,,,Autumn,1999,November,314,729584
21526,1999-11-11,KULU,0.01,0.01,,,,,,,,,,,,,,,,,,12.79,,,,,,,,,106.8,177.9,,,,,,,,,,,,,,,,,,,,,,,,,,,,,Autumn,1999,November,315,729585
21542,1999-11-12,KULU,0.01,0.01,,,,,,,,,,,,,,,,,,12.79,,,,,,,,,107.08,177.9,,,,,,,,,,,,,,,,,,,,,,,,,,,,,Autumn,1999,November,316,729586
21552,1999-11-13,KULU,0.04,0.04,,,,,,,,,,,,,,,,,,12.78,,,,,,,,,107.35,177.9,,,,,,,,,,,,,,,,,,,,,,,,,,,,,Autumn,1999,November,317,729587
21578,1999-11-14,KULU,1.17,0.99,-3.04,,,,,,,,21.51,,21.51,,178.19,,,,,12.91,,,,,,,,,107.61,177.9,,,,,,,,,,,,,,,,,,,,,,,,,,,,,Autumn,1999,November,318,729588
21600,1999-11-15,KULU,0.62,0.55,-7.15,,,,,,88.83,,7.25,,7.25,,229.05,,,,,13.38,-10.29,,,,,,,,107.87,177.9,,88.83,,,,,,,,,,,,,,,,,,,,,,,,,,,Autumn,1999,November,319,729589
21605,1999-11-16,KULU,0.5,0.47,-4.18,,,,,,72.57,,8.18,,8.18,,187.74,,,,,12.92,-6.43,,,,,,,,108.13,177.9,,72.57,,,,,,,,,,,,,,,,,,,,,,,,,,,Autumn,1999,November,320,729590
21623,1999-11-17,KULU,1.4,1.25,-13.76,,,,,,79.88,,17.05,,17.05,,176.9,,,,,12.9,-14.67,,,,,,,,108.37,177.9,,79.88,,,,,,,,,,,,,,,,,,,,,,,,,,,Autumn,1999,November,321,729591
21650,1999-11-18,KULU,1.21,1.0,-17.16,,,,,,58.25,,7.63,,7.63,,187.93,,,,,13.25,-14.01,,,,,,,,108.62,177.9,,58.25,,,,,,,,,,,,,,,,,,,,,,,,,,,Autumn,1999,November,322,729592
21667,1999-11-19,KULU,0.71,0.67,1.36,,,,,,95.61,,2.12,,2.12,,,,,,,12.92,-4.39,,,,,,,,108.86,177.9,,95.61,,,,,,,,,,,,,,,,,,,,,,,,,,,Autumn,1999,November,323,729593
21689,1999-11-20,KULU,0.41,0.39,0.5,,,,,,99.87,,5.09,,5.09,,248.01,,,,,12.88,-0.06,,,,,,,,109.09,177.9,,99.87,,,,,,,,,,,,,,,,,,,,,,,,,,,Autumn,1999,November,324,729594
21701,1999-11-21,KULU,0.3,0.26,-1.88,,,,,,98.85,,1.62,,1.62,,,,,,,12.9,-3.87,,,,,,,,109.32,177.9,,98.85,,,,,,,,,,,,,,,,,,,,,,,,,,,Autumn,1999,November,325,729595
21716,1999-11-22,KULU,0.4,0.38,-2.05,,,,,,87.21,,2.27,,2.27,,,,,,,12.88,-6.43,,,,,,,,109.54,177.9,,87.21,,,,,,,,,,,,,,,,,,,,,,,,,,,Autumn,1999,November,326,729596
21730,1999-11-23,KULU,0.26,0.22,-0.15,,,,,,99.73,,6.46,,6.46,,,,,,,12.87,-4.53,,,,,,,,109.76,177.9,,99.73,,,,,,,,,,,,,,,,,,,,,,,,,,,Autumn,1999,November,327,729597
21748,1999-11-24,KULU,0.65,0.61,-11.3,,,,,,78.98,,7.59,,7.59,,,,,,,12.85,-13.29,,,,,,,,109.97,177.9,,78.98,,,,,,,,,,,,,,,,,,,,,,,,,,,Autumn,1999,November,328,729598
21777,1999-11-25,KULU,0.46,0.43,-8.32,,,,,,74.01,,8.46,,8.46,,,,,,,12.82,-13.01,,,,,,,,110.17,177.9,,74.01,,,,,,,,,,,,,,,,,,,,,,,,,,,Autumn,1999,November,329,729599
21782,1999-11-26,KULU,0.37,0.33,-0.9,,,,,,79.33,,0.88,,0.88,,,,,,,12.81,-7.43,,,,,,,,110.37,177.9,,79.33,,,,,,,,,,,,,,,,,,,,,,,,,,,Autumn,1999,November,330,729600
21816,1999-11-27,KULU,0.29,0.27,0.67,,,,,,80.02,,0.77,,0.77,,,,,,,12.81,-2.75,,,,,,,,110.56,177.9,,80.02,,,,,,,,,,,,,,,,,,,,,,,,,,,Autumn,1999,November,331,729601
21824,1999-11-28,KULU,0.37,0.31,-0.45,,,,,,99.66,,,,,,,,,,,12.81,-1.33,,,,,,,,110.74,177.9,,99.66,,,,,,,,,,,,,,,,,,,,,,,,,,,Autumn,1999,November,332,729602
21840,1999-11-29,KULU,0.57,0.48,0.08,,,,,,99.61,,,,,,,,,,,12.81,-3.61,,,,,,,,110.92,177.9,,99.61,,,,,,,,,,,,,,,,,,,,,,,,,,,Autumn,1999,November,333,729603
21865,1999-11-30,KULU,0.53,0.45,-0.17,,,,,,83.87,,,,,,,,,,,12.81,-12.86,,,,,,,,111.09,177.9,,83.87,,,,,,,,,,,,,,,,,,,,,,,,,,,Autumn,1999,November,334,729604
21872,1999-12-01,KULU,0.3,0.26,-1.39,,,,,,62.56,,,,,,,,,,,12.8,-17.67,,,,,,,,111.25,177.9,,62.56,,,,,,,,,,,,,,,,,,,,,,,,,,,Winter,1999,December,335,729605
21906,1999-12-02,KULU,0.25,0.21,-1.15,,,,,,,,,,,,,,,,,12.78,-20.04,,,,,,,,111.41,177.9,,,,,,,,,,,,,,,,,,,,,,,,,,,,,Winter,1999,December,336,729606
21909,1999-12-03,KULU,0.08,0.07,-2.52,,,,,,,,,,,,,,,,,12.77,-21.62,,,,,,,,111.56,177.9,,,,,,,,,,,,,,,,,,,,,,,,,,,,,Winter,1999,December,337,729607
21930,1999-12-04,KULU,0.2,0.17,-1.34,,,,,,,,,,,,,,,,,12.75,-16.06,,,,,,,,111.7,177.9,,,,,,,,,,,,,,,,,,,,,,,,,,,,,Winter,1999,December,338,729608
21949,1999-12-05,KULU,0.49,0.42,-0.35,,,,,,91.03,,,,,,,,,,,12.74,-9.92,,,,,,,,111.84,177.9,,91.03,,,,,,,,,,,,,,,,,,,,,,,,,,,Winter,1999,December,339,729609
21978,1999-12-06,KULU,0.24,0.23,-8.99,,,,,,52.21,,,,,,,,,,,12.73,-19.77,,,,,,,,111.96,177.9,,52.21,,,,,,,,,,,,,,,,,,,,,,,,,,,Winter,1999,December,340,729610
21997,1999-12-07,KULU,0.21,0.18,-9.04,,,,,,,,,,,,,,,,,12.72,-24.31,,,,,,,,112.08,177.9,,,,,,,,,,,,,,,,,,,,,,,,,,,,,Winter,1999,December,341,729611
22003,1999-12-08,KULU,0.34,0.3,-6.31,,,,,,,,,,,,,,,,,12.71,-22.56,,,,,,,,112.2,177.9,,,,,,,,,,,,,,,,,,,,,,,,,,,,,Winter,1999,December,342,729612
22028,1999-12-09,KULU,0.41,0.37,-3.03,,,,,,52.88,,,,,,,,,,,12.7,-17.08,,,,,,,,112.3,177.9,,52.88,,,,,,,,,,,,,,,,,,,,,,,,,,,Winter,1999,December,343,729613
22038,1999-12-10,KULU,0.26,0.22,-5.63,,,,,,47.7,,,,,,,,,,,12.68,-22.12,,,,,,,,112.4,177.9,,47.7,,,,,,,,,,,,,,,,,,,,,,,,,,,Winter,1999,December,344,729614
22063,1999-12-11,KULU,0.4,0.33,-9.6,,,,,,,,20.35,,20.35,,,,,,,12.68,-22.71,,,,,,,,112.49,177.9,,,,,,,,,,,,,,,,,,,,,,,,,,,,,Winter,1999,December,345,729615
22085,1999-12-12,KULU,0.27,0.23,-11.52,,,,,,,,21.17,,21.17,,,,,,,12.67,-23.5,,,,,,,,112.57,177.9,,,,,,,,,,,,,,,,,,,,,,,,,,,,,Winter,1999,December,346,729616
22090,1999-12-13,KULU,0.1,0.08,-18.25,,,,,,,,16.65,,16.65,,,,,,,12.66,-23.23,,,,,,,,112.65,177.9,,,,,,,,,,,,,,,,,,,,,,,,,,,,,Winter,1999,December,347,729617
22107,1999-12-14,KULU,0.26,0.23,-17.26,,,,,,,,4.34,,4.34,,,,,,,12.65,-17.89,,,,,,,,112.71,177.9,,,,,,,,,,,,,,,,,,,,,,,,,,,,,Winter,1999,December,348,729618
22139,1999-12-15,KULU,0.32,0.26,-6.85,,,,,,,,4.45,,4.45,,,,,,,12.64,-12.65,,,,,,,,112.77,177.9,,,,,,,,,,,,,,,,,,,,,,,,,,,,,Winter,1999,December,349,729619
22157,1999-12-16,KULU,0.35,0.29,-8.3,,,,,,,,2.34,,2.34,,,,,,,12.63,-11.91,,,,,,,,112.82,177.9,,,,,,,,,,,,,,,,,,,,,,,,,,,,,Winter,1999,December,350,729620
22172,1999-12-17,KULU,0.45,0.37,-9.14,,,,,,,,6.32,,6.32,,,,,,,12.62,-18.95,,,,,,,,112.87,177.9,,,,,,,,,,,,,,,,,,,,,,,,,,,,,Winter,1999,December,351,729621
22190,1999-12-18,KULU,0.44,0.36,-17.32,,,,,,,,13.85,,13.85,,166.62,,,,,12.61,-24.01,,,,,,,,112.9,177.9,,,,,,,,,,,,,,,,,,,,,,,,,,,,,Winter,1999,December,352,729622
22201,1999-12-19,KULU,0.3,0.25,-7.06,,,,,,,,9.66,,9.66,,,,,,,12.6,-13.8,,,,,,,,112.93,177.9,,,,,,,,,,,,,,,,,,,,,,,,,,,,,Winter,1999,December,353,729623
22221,1999-12-20,KULU,0.58,0.47,-12.18,,,,,,,,5.13,,5.13,,,,,,,12.59,-13.98,,,,,,,,112.95,177.9,,,,,,,,,,,,,,,,,,,,,,,,,,,,,Winter,1999,December,354,729624
22242,1999-12-21,KULU,0.55,0.46,-16.62,,,,,,,,8.33,,8.33,,,,,,,12.58,-19.01,,,,,,,,112.96,177.9,,,,,,,,,,,,,,,,,,,,,,,,,,,,,Winter,1999,December,355,729625
22252,1999-12-22,KULU,0.23,0.18,-24.07,,,,,,,,21.9,,20.41,,,,,,,12.57,-21.33,,,,,,,,112.96,177.9,,,,,,,,,,,,,,,,,,,,,,,,,,,,,Winter,1999,December,356,729626
22283,1999-12-23,KULU,0.08,0.06,-20.73,,,,,,,,19.67,,19.67,,174.44,,,,,12.57,-19.37,,,,,,,,112.95,177.9,,,,,,,,,,,,,,,,,,,,,,,,,,,,,Winter,1999,December,357,729627
22303,1999-12-24,KULU,0.39,0.34,-5.8,,,,,,,,4.51,,4.51,,,,,,,12.55,-11.85,,,,,,,,112.94,177.9,,,,,,,,,,,,,,,,,,,,,,,,,,,,,Winter,1999,December,358,729628
22317,1999-12-25,KULU,0.33,0.28,-34.04,,,,,,,,16.01,,16.01,,169.24,,,,,12.55,-15.89,,,,,,,,112.92,177.9,,,,,,,,,,,,,,,,,,,,,,,,,,,,,Winter,1999,December,359,729629
22338,1999-12-26,KULU,0.5,0.39,-28.76,,,,,,,,15.63,,15.63,,170.03,,,,,12.54,-16.43,,,,,,,,112.89,177.9,,,,,,,,,,,,,,,,,,,,,,,,,,,,,Winter,1999,December,360,729630
22341,1999-12-27,KULU,0.35,0.27,-23.04,,,,,,,,9.61,,9.61,,177.7,,,,,12.53,-12.19,,,,,,,,112.85,177.9,,,,,,,,,,,,,,,,,,,,,,,,,,,,,Winter,1999,December,361,729631
22368,1999-12-28,KULU,0.34,0.26,-23.31,,,,,,,,3.81,,3.81,,,,,,,12.53,-12.32,,,,,,,,112.8,177.9,,,,,,,,,,,,,,,,,,,,,,,,,,,,,Winter,1999,December,362,729632
22382,1999-12-29,KULU,0.32,0.3,-0.93,,,,,,92.5,,5.23,,5.23,,216.52,,,,,12.51,-6.27,,,,,,,,112.75,177.9,,92.5,,,,,,,,,,,,,,,,,,,,,,,,,,,Winter,1999,December,363,729633
22394,1999-12-30,KULU,0.41,0.39,-2.16,,,,,,81.32,,4.56,,4.56,,,,,,,12.51,-2.55,,,,,,,,112.69,177.9,,81.32,,,,,,,,,,,,,,,,,,,,,,,,,,,Winter,1999,December,364,729634
22414,1999-12-31,KULU,0.27,0.26,-4.5,,,,,,61.31,,4.98,,4.98,,182.7,,,,,12.51,-1.24,,,,,,,,112.62,177.9,,61.31,,,,,,,,,,,,,,,,,,,,,,,,,,,Winter,1999,December,365,729635
22436,2000-01-01,KULU,0.54,0.5,-2.54,,,,,,84.13,,,,,,,,,,,12.51,-5.15,,,,,,,,112.54,177.9,,84.13,,,,,,,,,,,,,,,,,,,,,,,,,,,Winter,2000,January,1,729636
22460,2000-01-02,KULU,0.53,0.49,-12.29,,,,,,48.39,,4.89,,4.89,,,,,,,12.5,-10.0,,,,,,,,112.46,177.9,,48.39,,,,,,,,,,,,,,,,,,,,,,,,,,,Winter,2000,January,2,729637
22478,2000-01-03,KULU,0.36,0.32,-18.09,,,,,,,,5.68,,5.68,,,,,,,12.5,-14.36,,,,,,,,112.36,177.9,,,,,,,,,,,,,,,,,,,,,,,,,,,,,Winter,2000,January,3,729638
22496,2000-01-04,KULU,0.57,0.49,-24.3,,,,,,,,6.39,,6.39,,185.99,,,,,12.5,-15.22,,,,,,,,112.26,177.9,,,,,,,,,,,,,,,,,,,,,,,,,,,,,Winter,2000,January,4,729639
22519,2000-01-05,KULU,0.34,0.3,-18.32,,,,,,,,5.3,,5.3,,184.59,,,,,12.51,-12.81,,,,,,,,112.15,177.9,,,,,,,,,,,,,,,,,,,,,,,,,,,,,Winter,2000,January,5,729640
22526,2000-01-06,KULU,0.28,0.23,-17.56,,,,,,,,4.65,,4.65,,,,,,,12.48,-14.28,,,,,,,,112.04,177.9,,,,,,,,,,,,,,,,,,,,,,,,,,,,,Winter,2000,January,6,729641
22552,2000-01-07,KULU,0.47,0.44,-4.69,,,,,,64.31,,4.1,,4.1,,,,,,,12.45,-9.27,,,,,,,,111.91,177.9,,64.31,,,,,,,,,,,,,,,,,,,,,,,,,,,Winter,2000,January,7,729642
22560,2000-01-08,KULU,0.44,0.41,-1.69,,,,,,95.11,,4.89,,4.89,,,,,,,12.44,-6.35,,,,,,,,111.78,177.9,,95.11,,,,,,,,,,,,,,,,,,,,,,,,,,,Winter,2000,January,8,729643
22578,2000-01-09,KULU,0.51,0.47,-3.33,,,,,,89.91,,5.46,,5.46,,,,,,,12.44,-7.91,,,,,,,,111.64,177.9,,89.91,,,,,,,,,,,,,,,,,,,,,,,,,,,Winter,2000,January,9,729644
22597,2000-01-10,KULU,0.41,0.37,-4.96,,,,,,97.36,,13.78,,13.78,,238.63,,,,,12.43,-7.5,,,,,,,,111.5,177.9,,97.36,,,,,,,,,,,,,,,,,,,,,,,,,,,Winter,2000,January,10,729645
22627,2000-01-11,KULU,0.47,0.43,-12.31,,,,,,61.39,,6.64,,6.64,,237.67,,,,,12.43,-12.8,,,,,,,,111.34,177.9,,61.39,,,,,,,,,,,,,,,,,,,,,,,,,,,Winter,2000,January,11,729646
22643,2000-01-12,KULU,0.41,0.35,-19.39,,,,,,44.18,,6.07,,6.07,,,,,,,12.43,-15.29,,,,,,,,111.18,177.9,,44.18,,,,,,,,,,,,,,,,,,,,,,,,,,,Winter,2000,January,12,729647
22646,2000-01-13,KULU,0.59,0.53,-10.15,,,,,,49.04,,5.11,,5.11,,,,,,,12.41,-12.53,,,,,,,,111.02,177.9,,49.04,,,,,,,,,,,,,,,,,,,,,,,,,,,Winter,2000,January,13,729648
22668,2000-01-14,KULU,0.41,0.38,-5.43,,,,,,45.62,,4.88,,4.88,,,,,,,12.4,-12.41,,,,,,,,110.84,177.9,,45.62,,,,,,,,,,,,,,,,,,,,,,,,,,,Winter,2000,January,14,729649
22693,2000-01-15,KULU,0.34,0.32,-1.13,,,,,,73.8,,6.72,,6.72,,246.41,,,,,12.39,-10.26,,,,,,,,110.66,177.9,,73.8,,,,,,,,,,,,,,,,,,,,,,,,,,,Winter,2000,January,15,729650
22703,2000-01-16,KULU,0.57,0.53,-9.88,,,,,,62.57,,6.78,,6.78,,211.24,,,,,12.38,-12.12,,,,,,,,110.47,177.9,,62.57,,,,,,,,,,,,,,,,,,,,,,,,,,,Winter,2000,January,16,729651
22735,2000-01-17,KULU,0.33,0.25,-24.02,,,,,,,,6.59,,6.59,,184.38,,,,,12.42,-20.79,,,,,,,,110.28,177.9,,,,,,,,,,,,,,,,,,,,,,,,,,,,,Winter,2000,January,17,729652
22742,2000-01-18,KULU,0.33,0.28,-4.37,,,,,,,,11.67,,11.67,,170.13,,,,,12.36,-22.19,,,,,,,,110.08,177.9,,,,,,,,,,,,,,,,,,,,,,,,,,,,,Winter,2000,January,18,729653
22757,2000-01-19,KULU,0.19,0.16,-13.11,,,,,,69.14,,8.38,,8.38,,181.13,,,,,12.35,-19.06,,,,,,,,109.87,177.9,,69.14,,,,,,,,,,,,,,,,,,,,,,,,,,,Winter,2000,January,19,729654
22785,2000-01-20,KULU,0.19,0.17,-2.21,,,,,,68.16,,7.31,,7.31,,177.09,,,,,12.34,-10.42,,,,,,,,109.66,177.9,,68.16,,,,,,,,,,,,,,,,,,,,,,,,,,,Winter,2000,January,20,729655
22799,2000-01-21,KULU,0.32,0.27,-11.48,,,,,,53.04,,11.47,,11.47,,177.69,,,,,12.33,-17.4,,,,,,,,109.44,177.9,,53.04,,,,,,,,,,,,,,,,,,,,,,,,,,,Winter,2000,January,21,729656
22808,2000-01-22,KULU,0.2,0.17,-5.37,,,,,,64.3,,3.59,,3.59,,195.52,,,,,12.32,-12.12,,,,,,,,109.21,177.9,,64.3,,,,,,,,,,,,,,,,,,,,,,,,,,,Winter,2000,January,22,729657
22827,2000-01-23,KULU,0.55,0.48,-0.57,,,,,,95.96,,3.01,,3.01,,227.91,,,,,12.32,-5.36,,,,,,,,108.98,177.9,,95.96,,,,,,,,,,,,,,,,,,,,,,,,,,,Winter,2000,January,23,729658
22858,2000-01-24,KULU,0.59,0.51,0.05,,,,,,99.78,,,,,,,,,,,12.31,-2.26,,,,,,,,108.74,177.9,,99.78,,,,,,,,,,,,,,,,,,,,,,,,,,,Winter,2000,January,24,729659
22869,2000-01-25,KULU,0.69,0.66,-0.38,,,,,,90.61,,,,,,,,,,,12.3,-8.06,,,,,,,,108.5,177.9,,90.61,,,,,,,,,,,,,,,,,,,,,,,,,,,Winter,2000,January,25,729660
22892,2000-01-26,KULU,0.25,0.23,-3.29,,,,,,59.83,,4.39,,4.39,,182.76,,,,,12.3,-10.23,,,,,,,,108.25,177.9,,59.83,,,,,,,,,,,,,,,,,,,,,,,,,,,Winter,2000,January,26,729661
22909,2000-01-27,KULU,0.35,0.32,-3.82,,,,,,47.35,,,,,,,,,,,12.3,-10.44,,,,,,,,108.0,177.9,,47.35,,,,,,,,,,,,,,,,,,,,,,,,,,,Winter,2000,January,27,729662
22927,2000-01-28,KULU,0.36,0.34,-0.01,,,,,,88.0,,,,,,,,,,,12.29,-6.59,,,,,,,,107.74,177.9,,88.0,,,,,,,,,,,,,,,,,,,,,,,,,,,Winter,2000,January,28,729663
22946,2000-01-29,KULU,0.23,0.21,0.28,,,,,,99.6,,,,,,,,,,,12.28,-3.0,,,,,,,,107.47,177.9,,99.6,,,,,,,,,,,,,,,,,,,,,,,,,,,Winter,2000,January,29,729664
22965,2000-01-30,KULU,0.71,0.63,-1.76,,,,,,94.04,,,,,,,,,,,12.27,-5.62,,,,,,,,107.2,177.9,,94.04,,,,,,,,,,,,,,,,,,,,,,,,,,,Winter,2000,January,30,729665
22973,2000-01-31,KULU,0.6,0.54,-4.53,,,,,,71.95,,,,,,,,,,,12.26,-6.92,,,,,,,,106.93,177.9,,71.95,,,,,,,,,,,,,,,,,,,,,,,,,,,Winter,2000,January,31,729666
23003,2000-02-01,KULU,0.49,0.44,-6.75,,,,,,84.13,,,,,,,,,,,12.26,-4.16,,,,,,,,106.65,177.9,,84.13,,,,,,,,,,,,,,,,,,,,,,,,,,,Winter,2000,February,32,729667
23020,2000-02-02,KULU,0.63,0.59,-1.49,,,,,,89.94,,,,,,,,,,,12.26,-3.8,,,,,,,,106.36,177.9,,89.94,,,,,,,,,,,,,,,,,,,,,,,,,,,Winter,2000,February,33,729668
23034,2000-02-03,KULU,0.73,0.7,-2.32,,,,,,96.4,,,,,,,,,,,12.26,-4.88,,,,,,,,106.07,177.9,,96.4,,,,,,,,,,,,,,,,,,,,,,,,,,,Winter,2000,February,34,729669
23052,2000-02-04,KULU,0.92,0.83,-8.31,,,,,,55.28,,,,,,,,,,,12.27,-17.54,,,,,,,,105.78,177.9,,55.28,,,,,,,,,,,,,,,,,,,,,,,,,,,Winter,2000,February,35,729670
23067,2000-02-05,KULU,0.44,0.38,-8.45,,,,,,43.6,,,,,,156.12,,,,,12.3,-19.0,,,,,,,,105.48,177.9,,43.6,,,,,,,,,,,,,,,,,,,,,,,,,,,Winter,2000,February,36,729671
23087,2000-02-06,KULU,0.67,0.61,-1.57,,,,,,59.59,,1.52,,1.52,,,,,,,12.25,-14.29,,,,,,,,105.18,177.9,,59.59,,,,,,,,,,,,,,,,,,,,,,,,,,,Winter,2000,February,37,729672
23113,2000-02-07,KULU,1.48,1.27,-5.62,,,,,,62.98,,11.65,,11.69,,173.33,,,,,12.24,-22.64,,,,,,,,104.88,177.9,,62.98,,,,,,,,,,,,,,,,,,,,,,,,,,,Winter,2000,February,38,729673
23131,2000-02-08,KULU,0.83,0.73,-9.15,,,,,,,,5.56,,5.56,,,,,,,12.23,-24.7,,,,,,,,104.57,177.9,,,,,,,,,,,,,,,,,,,,,,,,,,,,,Winter,2000,February,39,729674
23145,2000-02-09,KULU,0.82,0.7,-2.92,,,,,,,,2.65,,2.65,,,,,,,12.22,-19.86,,,,,,,,104.25,177.9,,,,,,,,,,,,,,,,,,,,,,,,,,,,,Winter,2000,February,40,729675
23156,2000-02-10,KULU,1.71,1.55,-13.69,,,,,,40.81,,7.01,,7.01,,,,,,,12.22,-19.58,,,,,,,,103.94,177.9,,40.81,,,,,,,,,,,,,,,,,,,,,,,,,,,Winter,2000,February,41,729676
23171,2000-02-11,KULU,5.44,4.67,-7.91,,,,,,42.8,,8.27,,8.27,,,,,,,12.29,-19.62,,,,,,,,103.62,177.9,,42.8,,,,,,,,,,,,,,,,,,,,,,,,,,,Winter,2000,February,42,729677
23202,2000-02-12,KULU,2.75,2.5,-1.35,,,,,,54.14,,2.87,,2.87,,,,,,,12.23,-14.36,,,,,,,,103.29,177.9,,54.14,,,,,,,,,,,,,,,,,,,,,,,,,,,Winter,2000,February,43,729678
23215,2000-02-13,KULU,5.25,4.42,-15.15,,,,,,44.89,,7.96,,7.96,,,,,,,12.32,-18.48,,,,,,,,102.96,177.9,,44.89,,,,,,,,,,,,,,,,,,,,,,,,,,,Winter,2000,February,44,729679
23224,2000-02-14,KULU,2.17,2.0,-1.0,,,,,,67.88,,5.54,,5.54,,,,,,,12.24,-9.67,,,,,,,,102.63,177.9,,67.88,,,,,,,,,,,,,,,,,,,,,,,,,,,Winter,2000,February,45,729680
23248,2000-02-15,KULU,3.15,2.89,-6.27,,,,,,58.94,,3.37,,3.37,,,,,,,12.22,-10.53,,,,,,,,102.3,177.9,,58.94,,,,,,,,,,,,,,,,,,,,,,,,,,,Winter,2000,February,46,729681
23260,2000-02-16,KULU,1.35,1.15,-0.51,,,,,,75.74,,0.94,,0.94,,,,,,,12.18,-10.92,,,,,,,,101.96,177.9,,75.74,,,,,,,,,,,,,,,,,,,,,,,,,,,Winter,2000,February,47,729682
23293,2000-02-17,KULU,3.1,2.84,-2.56,,,,,,70.97,,,,,,,,,,,12.17,-12.65,,,,,,,,101.62,177.9,,70.97,,,,,,,,,,,,,,,,,,,,,,,,,,,Winter,2000,February,48,729683
23311,2000-02-18,KULU,1.97,1.93,0.6,,,,,,94.12,,3.85,,3.85,,,,,,,12.18,-8.62,,,,,,,,101.28,177.9,,94.12,,,,,,,,,,,,,,,,,,,,,,,,,,,Winter,2000,February,49,729684
23321,2000-02-19,KULU,3.19,3.09,-0.96,,,,,,90.02,,1.57,,1.57,,,,,,,12.19,-9.32,,,,,,,,100.94,177.9,,90.02,,,,,,,,,,,,,,,,,,,,,,,,,,,Winter,2000,February,50,729685
23345,2000-02-20,KULU,3.55,3.35,-2.04,,,,,,84.95,,2.01,,2.01,,,,,,,12.2,-10.04,,,,,,,,100.59,177.9,,84.95,,,,,,,,,,,,,,,,,,,,,,,,,,,Winter,2000,February,51,729686
23351,2000-02-21,KULU,3.84,3.66,-11.8,,,,,,68.08,,,,,,,,,,,12.2,-14.05,,,,,,,,100.24,177.9,,68.08,,,,,,,,,,,,,,,,,,,,,,,,,,,Winter,2000,February,52,729687
23375,2000-02-22,KULU,9.35,8.33,-22.5,,,,,,41.2,,,,,,,,,,,12.26,-20.88,,,,,,,,99.89,177.9,,41.2,,,,,,,,,,,,,,,,,,,,,,,,,,,Winter,2000,February,53,729688
23388,2000-02-23,KULU,4.5,4.19,0.1,,,,,,68.13,,,,,,,,,,,12.23,-13.61,,,,,,,,99.53,177.9,,68.13,,,,,,,,,,,,,,,,,,,,,,,,,,,Winter,2000,February,54,729689
23410,2000-02-24,KULU,3.0,2.89,-9.42,,,,,,76.23,,,,,,,,,,,12.22,-10.12,,,,,,,,99.18,177.9,,76.23,,,,,,,,,,,,,,,,,,,,,,,,,,,Winter,2000,February,55,729690
23434,2000-02-25,KULU,14.31,12.19,-13.63,,,,,,44.38,,,,,,,,,,,12.31,-15.71,,,,,,,,98.82,177.9,,44.38,,,,,,,,,,,,,,,,,,,,,,,,,,,Winter,2000,February,56,729691
23439,2000-02-26,KULU,5.11,4.48,-4.27,,,,,,54.95,,,,,,,,,,,12.28,-13.36,,,,,,,,98.46,177.9,,54.95,,,,,,,,,,,,,,,,,,,,,,,,,,,Winter,2000,February,57,729692
23470,2000-02-27,KULU,12.71,11.78,-13.64,,,,,,,,,,,,,,,,,12.33,-15.51,,,,,,,,98.1,177.9,,,,,,,,,,,,,,,,,,,,,,,,,,,,,Winter,2000,February,58,729693
23476,2000-02-28,KULU,9.95,9.14,-12.39,,,,,,,,,,,,,,,,,12.43,-14.83,,,,,,,,97.73,177.9,,,,,,,,,,,,,,,,,,,,,,,,,,,,,Winter,2000,February,59,729694
23509,2000-02-29,KULU,7.24,6.98,-0.39,,,,,,,,,,,,,,,,,12.36,-10.94,,,,,,,,97.37,177.9,,,,,,,,,,,,,,,,,,,,,,,,,,,,,Winter,2000,February,60,729695
23512,2000-03-01,KULU,10.43,9.9,-2.67,,,,,,79.82,,,,,,,,,,,12.36,-12.13,,,,,,,,97.0,177.9,,79.82,,,,,,,,,,,,,,,,,,,,,,,,,,,Spring,2000,March,61,729696
23534,2000-03-02,KULU,23.45,20.47,-10.52,,,,,,43.69,,,,,,,,,,,12.49,-19.32,,,,,,,,96.63,177.9,,43.69,,,,,,,,,,,,,,,,,,,,,,,,,,,Spring,2000,March,62,729697
23550,2000-03-03,KULU,17.27,15.76,-10.06,,,,,,45.06,,,,,,,,,,,12.48,-17.54,,,,,,,,96.26,177.9,,45.06,,,,,,,,,,,,,,,,,,,,,,,,,,,Spring,2000,March,63,729698
23578,2000-03-04,KULU,15.37,14.16,-6.77,,,,,,,,0.63,,0.63,,,,,,,12.48,-15.94,,,,,,,,95.89,177.9,,,,,,,,,,,,,,,,,,,,,,,,,,,,,Spring,2000,March,64,729699
23599,2000-03-05,KULU,26.51,22.59,-8.02,,,,,,,,0.63,,0.63,,,,,,,12.6,-18.2,,,,,,,,95.52,177.9,,,,,,,,,,,,,,,,,,,,,,,,,,,,,Spring,2000,March,65,729700
23602,2000-03-06,KULU,11.27,10.83,-6.46,-14.74,,,,,66.06,,1.0,,1.0,,,,,,,12.53,-13.55,,,,,,,,95.15,177.9,,75.53,,,,,,,,,,,,,,,,,,,,,,,,,,,Spring,2000,March,66,729701
23630,2000-03-07,KULU,12.5,12.04,-6.6,-13.04,,,,,66.5,,1.38,,1.38,,,,,,,12.53,-12.66,,,,,,,,94.78,177.9,,75.44,,,,,,,,,,,,,,,,,,,,,,,,,,,Spring,2000,March,67,729702
23648,2000-03-08,KULU,24.47,21.17,-4.56,-15.61,,,,,44.96,,1.16,,1.16,,,,,,,12.68,-17.12,,,,,,,,94.4,177.9,,52.29,,,,,,,,,,,,,,,,,,,,,,,,,,,Spring,2000,March,68,729703
23656,2000-03-09,KULU,9.99,9.78,1.31,-11.84,,,,,83.76,,,,,,,,,,,12.57,-9.1,,,,,,,,94.03,177.9,,93.78,,,,,,,,,,,,,,,,,,,,,,,,,,,Spring,2000,March,69,729704
23680,2000-03-10,KULU,14.88,14.03,2.92,-10.03,,,,,89.73,,,,,,,,,,,12.54,-8.8,,,,,,,,93.65,177.9,,98.92,,,,,,,,,,,,,,,,,,,,,,,,,,,Spring,2000,March,70,729705
23695,2000-03-11,KULU,16.36,15.63,-1.59,-10.48,,,,,80.12,,,,,,,,,,,12.59,-13.11,,,,,,,,93.28,177.9,,88.63,,,,,,,,,,,,,,,,,,,,,,,,,,,Spring,2000,March,71,729706
23714,2000-03-12,KULU,20.89,19.84,3.59,-14.01,,,,,61.14,,,,,,,,,,,12.65,-18.32,,,,,,,,92.9,177.9,,70.08,,,,,,,,,,,,,,,,,,,,,,,,,,,Spring,2000,March,72,729707
23740,2000-03-13,KULU,13.95,13.23,2.63,-13.54,,,,,74.51,,,,,,,,,,,12.62,-14.08,,,,,,,,92.52,177.9,,84.98,,,,,,,,,,,,,,,,,,,,,,,,,,,Spring,2000,March,73,729708
23760,2000-03-14,KULU,33.38,31.25,3.28,-13.51,,,,,59.88,,,,,,,,,,,12.74,-18.98,,,,,,,,92.15,177.9,,68.14,,,,,,,,,,,,,,,,,,,,,,,,,,,Spring,2000,March,74,729709
23778,2000-03-15,KULU,26.01,24.97,1.32,-19.31,,,,,69.71,,13.54,,,,,,,,,12.72,-23.27,,,,,,,,91.77,177.9,,84.48,,,,,,,,,,,,,,,,,,,,,,,,,,,Spring,2000,March,75,729710
23792,2000-03-16,KULU,39.15,35.85,5.87,-19.23,,,,,98.63,,4.79,,3.12,,,,,,,12.86,-18.18,,,,,,,,91.39,177.9,,118.99,,,,,,,,,,,,,,,,,,,,,,,,,,,Spring,2000,March,76,729711
23804,2000-03-17,KULU,16.42,14.44,2.43,-13.72,,,,,99.56,,,,,,,,,,,12.79,-13.03,,,,,,,,91.02,177.9,,113.78,,,,,,,,,,,,,,,,,,,,,,,,,,,Spring,2000,March,77,729712
23830,2000-03-18,KULU,23.46,22.61,3.32,-12.82,,,,,96.94,,,,,,,,,,,12.79,-12.98,,,,,,,,90.64,177.9,,109.82,,,,,,,,,,,,,,,,,,,,,,,,,,,Spring,2000,March,78,729713
23848,2000-03-19,KULU,39.13,37.59,0.91,-12.43,,,,,98.18,,,,,,,,,,,12.85,-12.97,,,,,,,,90.26,177.9,,110.81,,,,,,,,,,,,,,,,,,,,,,,,,,,Spring,2000,March,79,729714
23856,2000-03-20,KULU,17.07,15.83,-0.2,-12.69,,,,,99.31,,,,,,,,,,,12.84,-12.74,,,,,,,,89.88,177.9,,112.37,,,,,,,,,,,,,,,,,,,,,,,,,,,Spring,2000,March,80,729715
23872,2000-03-21,KULU,22.93,22.38,4.76,-11.12,,,,,98.72,,,,,,,,,,,12.85,-9.49,,,,,,,,89.51,177.9,,109.99,,,,,,,,,,,,,,,,,,,,,,,,,,,Spring,2000,March,81,729716
23889,2000-03-22,KULU,35.08,30.59,4.59,-13.96,,,,,95.29,,6.26,,,,,,,,,12.91,-19.89,,,,,,,,89.13,177.9,,109.15,,,,,,,,,,,,,,,,,,,,,,,,,,,Spring,2000,March,82,729717
23920,2000-03-23,KULU,41.58,37.79,-6.75,-19.04,,,,,99.53,,13.15,,13.15,,,,,,,13.02,-22.38,,,,,,,,88.75,177.9,,119.83,,,,,,,,,,,,,,,,,,,,,,,,,,,Spring,2000,March,83,729718
23938,2000-03-24,KULU,44.07,40.55,8.8,-17.94,,,,,99.61,,6.8,,6.8,,,,,,,13.09,-17.44,,,,,,,,88.38,177.9,,118.67,,,,,,,,,,,,,,,,,,,,,,,,,,,Spring,2000,March,84,729719
23956,2000-03-25,KULU,18.94,16.1,4.17,-10.36,,,,,99.76,,,,,,,,,,,13.03,-8.27,,,,,,,,88.0,177.9,,110.34,,,,,,,,,,,,,,,,,,,,,,,,,,,Spring,2000,March,85,729720
23974,2000-03-26,KULU,16.03,13.58,-15.98,-10.33,,,,,99.05,,,,,,,,,,,13.04,-15.19,,,,,,,,87.63,177.9,,109.5,,,,,,,,,,,,,,,,,,,,,,,,,,,Spring,2000,March,86,729721
23988,2000-03-27,KULU,30.05,28.9,1.14,-11.94,,,,,98.67,,,,,,,,,,,13.16,-14.54,,,,,,,,87.26,177.9,,110.82,,,,,,,,,,,,,,,,,,,,,,,,,,,Spring,2000,March,87,729722
24011,2000-03-28,KULU,26.07,24.13,2.94,-16.21,,,,,97.24,,13.71,,13.71,,,,,,,13.14,-20.18,,,,,,,,86.88,177.9,,113.91,,,,,,,,,,,,,,,,,,,,,,,,,,,Spring,2000,March,88,729723
24015,2000-03-29,KULU,,,,,,,,,,,,,,,,,,,,,,,,,,,,,86.51,177.9,,,,,,,,,,,,,,,,,,,,,,,,,,,,,Spring,2000,March,89,729724
24038,2000-03-30,KULU,,,,,,,,,,,,,,,,,,,,,,,,,,,,,86.14,177.9,,,,,,,,,,,,,,,,,,,,,,,,,,,,,Spring,2000,March,90,729725
24054,2000-03-31,KULU,,,,,,,,,,,,,,,,,,,,,,,,,,,,,85.77,177.9,,,,,,,,,,,,,,,,,,,,,,,,,,,,,Spring,2000,March,91,729726
24072,2000-04-01,KULU,,,,,,,,,,,,,,,,,,,,,,,,,,,,,85.4,177.9,,,,,,,,,,,,,,,,,,,,,,,,,,,,,Spring,2000,April,92,729727
24096,2000-04-02,KULU,,,,,,,,,,,,,,,,,,,,,,,,,,,,,85.04,177.9,,,,,,,,,,,,,,,,,,,,,,,,,,,,,Spring,2000,April,93,729728
24105,2000-04-03,KULU,,,,,,,,,,,,,,,,,,,,,,,,,,,,,84.67,177.9,,,,,,,,,,,,,,,,,,,,,,,,,,,,,Spring,2000,April,94,729729
24128,2000-04-04,KULU,,,,,,,,,,,,,,,,,,,,,,,,,,,,,84.31,177.9,,,,,,,,,,,,,,,,,,,,,,,,,,,,,Spring,2000,April,95,729730
24155,2000-04-05,KULU,,,,,,,,,,,,,,,,,,,,,,,,,,,,,83.94,177.9,,,,,,,,,,,,,,,,,,,,,,,,,,,,,Spring,2000,April,96,729731
24169,2000-04-06,KULU,,,,,,,,,,,,,,,,,,,,,,,,,,,,,83.58,177.9,,,,,,,,,,,,,,,,,,,,,,,,,,,,,Spring,2000,April,97,729732
24178,2000-04-07,KULU,,,,,,,,,,,,,,,,,,,,,,,,,,,,,83.22,177.9,,,,,,,,,,,,,,,,,,,,,,,,,,,,,Spring,2000,April,98,729733
24211,2000-04-08,KULU,,,,,,,,,,,,,,,,,,,,,,,,,,,,,82.86,177.9,,,,,,,,,,,,,,,,,,,,,,,,,,,,,Spring,2000,April,99,729734
24222,2000-04-09,KULU,,,,,,,,,,,,,,,,,,,,,,,,,,,,,82.5,177.9,,,,,,,,,,,,,,,,,,,,,,,,,,,,,Spring,2000,April,100,729735
24247,2000-04-10,KULU,,,,,,,,,,,,,,,,,,,,,,,,,,,,,82.15,177.9,,,,,,,,,,,,,,,,,,,,,,,,,,,,,Spring,2000,April,101,729736
24260,2000-04-11,KULU,,,,,,,,,,,,,,,,,,,,,,,,,,,,,81.8,177.9,,,,,,,,,,,,,,,,,,,,,,,,,,,,,Spring,2000,April,102,729737
24280,2000-04-12,KULU,,,,,,,,,,,,,,,,,,,,,,,,,,,,,81.45,177.9,,,,,,,,,,,,,,,,,,,,,,,,,,,,,Spring,2000,April,103,729738
24291,2000-04-13,KULU,,,,,,,,,,,,,,,,,,,,,,,,,,,,,81.1,177.9,,,,,,,,,,,,,,,,,,,,,,,,,,,,,Spring,2000,April,104,729739
24317,2000-04-14,KULU,,,,,,,,,,,,,,,,,,,,,,,,,,,,,80.75,177.9,,,,,,,,,,,,,,,,,,,,,,,,,,,,,Spring,2000,April,105,729740
24326,2000-04-15,KULU,,,,,,,,,,,,,,,,,,,,,,,,,,,,,80.4,177.9,,,,,,,,,,,,,,,,,,,,,,,,,,,,,Spring,2000,April,106,729741
24338,2000-04-16,KULU,,,,,,,,,,,,,,,,,,,,,,,,,,,,,80.06,177.9,,,,,,,,,,,,,,,,,,,,,,,,,,,,,Spring,2000,April,107,729742
24373,2000-04-17,KULU,,,,,,,,,,,,,,,,,,,,,,,,,,,,,79.72,177.9,,,,,,,,,,,,,,,,,,,,,,,,,,,,,Spring,2000,April,108,729743
24381,2000-04-18,KULU,,,,,,,,,,,,,,,,,,,,,,,,,,,,,79.38,177.9,,,,,,,,,,,,,,,,,,,,,,,,,,,,,Spring,2000,April,109,729744
24402,2000-04-19,KULU,,,,,,,,,,,,,,,,,,,,,,,,,,,,,79.05,177.9,,,,,,,,,,,,,,,,,,,,,,,,,,,,,Spring,2000,April,110,729745
24413,2000-04-20,KULU,,,,,,,,,,,,,,,,,,,,,,,,,,,,,78.72,177.9,,,,,,,,,,,,,,,,,,,,,,,,,,,,,Spring,2000,April,111,729746
24434,2000-04-21,KULU,,,,,,,,,,,,,,,,,,,,,,,,,,,,,78.39,177.9,,,,,,,,,,,,,,,,,,,,,,,,,,,,,Spring,2000,April,112,729747
24454,2000-04-22,KULU,,,,,,,,,,,,,,,,,,,,,,,,,,,,,78.06,177.9,,,,,,,,,,,,,,,,,,,,,,,,,,,,,Spring,2000,April,113,729748
24481,2000-04-23,KULU,,,,,,,,,,,,,,,,,,,,,,,,,,,,,77.74,177.9,,,,,,,,,,,,,,,,,,,,,,,,,,,,,Spring,2000,April,114,729749
24495,2000-04-24,KULU,,,,,,,,,,,,,,,,,,,,,,,,,,,,,77.42,177.9,,,,,,,,,,,,,,,,,,,,,,,,,,,,,Spring,2000,April,115,729750
24510,2000-04-25,KULU,,,,,,,,,,,,,,,,,,,,,,,,,,,,,77.1,177.9,,,,,,,,,,,,,,,,,,,,,,,,,,,,,Spring,2000,April,116,729751
24523,2000-04-26,KULU,,,,,,,,,,,,,,,,,,,,,,,,,,,,,76.78,177.9,,,,,,,,,,,,,,,,,,,,,,,,,,,,,Spring,2000,April,117,729752
24536,2000-04-27,KULU,,,,,,,,,,,,,,,,,,,,,,,,,,,,,76.47,177.9,,,,,,,,,,,,,,,,,,,,,,,,,,,,,Spring,2000,April,118,729753
24564,2000-04-28,KULU,,,,,,,,,,,,,,,,,,,,,,,,,,,,,76.16,177.9,,,,,,,,,,,,,,,,,,,,,,,,,,,,,Spring,2000,April,119,729754
24581,2000-04-29,KULU,,,,,,,,,,,,,,,,,,,,,,,,,,,,,75.86,177.9,,,,,,,,,,,,,,,,,,,,,,,,,,,,,Spring,2000,April,120,729755
24594,2000-04-30,KULU,,,,,,,,,,,,,,,,,,,,,,,,,,,,,75.56,177.9,,,,,,,,,,,,,,,,,,,,,,,,,,,,,Spring,2000,April,121,729756
24610,2000-05-01,KULU,,,,,,,,,,,,,,,,,,,,,,,,,,,,,75.26,177.9,,,,,,,,,,,,,,,,,,,,,,,,,,,,,Spring,2000,May,122,729757
24638,2000-05-02,KULU,,,,,,,,,,,,,,,,,,,,,,,,,,,,,74.97,177.9,,,,,,,,,,,,,,,,,,,,,,,,,,,,,Spring,2000,May,123,729758
24649,2000-05-03,KULU,,,,,,,,,,,,,,,,,,,,,,,,,,,,,74.68,177.9,,,,,,,,,,,,,,,,,,,,,,,,,,,,,Spring,2000,May,124,729759
24670,2000-05-04,KULU,,,,,,,,,,,,,,,,,,,,,,,,,,,,,74.39,177.9,,,,,,,,,,,,,,,,,,,,,,,,,,,,,Spring,2000,May,125,729760
24686,2000-05-05,KULU,,,,,,,,,,,,,,,,,,,,,,,,,,,,,74.11,177.9,,,,,,,,,,,,,,,,,,,,,,,,,,,,,Spring,2000,May,126,729761
24709,2000-05-06,KULU,,,,,,,,,,,,,,,,,,,,,,,,,,,,,73.83,177.9,,,,,,,,,,,,,,,,,,,,,,,,,,,,,Spring,2000,May,127,729762
24722,2000-05-07,KULU,,,,,,,,,,,,,,,,,,,,,,,,,,,,,73.56,177.9,,,,,,,,,,,,,,,,,,,,,,,,,,,,,Spring,2000,May,128,729763
24749,2000-05-08,KULU,,,,,,,,,,,,,,,,,,,,,,,,,,,,,73.29,177.9,,,,,,,,,,,,,,,,,,,,,,,,,,,,,Spring,2000,May,129,729764
24762,2000-05-09,KULU,,,,,,,,,,,,,,,,,,,,,,,,,,,,,73.02,177.9,,,,,,,,,,,,,,,,,,,,,,,,,,,,,Spring,2000,May,130,729765
24783,2000-05-10,KULU,,,,,,,,,,,,,,,,,,,,,,,,,,,,,72.76,177.9,,,,,,,,,,,,,,,,,,,,,,,,,,,,,Spring,2000,May,131,729766
24803,2000-05-11,KULU,,,,,,,,,,,,,,,,,,,,,,,,,,,,,72.51,177.9,,,,,,,,,,,,,,,,,,,,,,,,,,,,,Spring,2000,May,132,729767
24814,2000-05-12,KULU,,,,,,,,,,,,,,,,,,,,,,,,,,,,,72.26,177.9,,,,,,,,,,,,,,,,,,,,,,,,,,,,,Spring,2000,May,133,729768
24836,2000-05-13,KULU,,,,,,,,,,,,,,,,,,,,,,,,,,,,,72.01,177.9,,,,,,,,,,,,,,,,,,,,,,,,,,,,,Spring,2000,May,134,729769
24850,2000-05-14,KULU,,,,,,,,,,,,,,,,,,,,,,,,,,,,,71.77,177.9,,,,,,,,,,,,,,,,,,,,,,,,,,,,,Spring,2000,May,135,729770
24861,2000-05-15,KULU,,,,,,,,,,,,,,,,,,,,,,,,,,,,,71.53,177.9,,,,,,,,,,,,,,,,,,,,,,,,,,,,,Spring,2000,May,136,729771
24892,2000-05-16,KULU,,,,,,,,,,,,,,,,,,,,,,,,,,,,,71.3,177.9,,,,,,,,,,,,,,,,,,,,,,,,,,,,,Spring,2000,May,137,729772
24902,2000-05-17,KULU,,,,,,,,,,,,,,,,,,,,,,,,,,,,,71.07,177.9,,,,,,,,,,,,,,,,,,,,,,,,,,,,,Spring,2000,May,138,729773
24914,2000-05-18,KULU,,,,,,,,,,,,,,,,,,,,,,,,,,,,,70.85,177.9,,,,,,,,,,,,,,,,,,,,,,,,,,,,,Spring,2000,May,139,729774
24943,2000-05-19,KULU,,,,,,,,,,,,,,,,,,,,,,,,,,,,,70.64,177.9,,,,,,,,,,,,,,,,,,,,,,,,,,,,,Spring,2000,May,140,729775
24960,2000-05-20,KULU,,,,,,,,,,,,,,,,,,,,,,,,,,,,,70.43,177.9,,,,,,,,,,,,,,,,,,,,,,,,,,,,,Spring,2000,May,141,729776
24979,2000-05-21,KULU,,,,,,,,,,,,,,,,,,,,,,,,,,,,,70.22,177.9,,,,,,,,,,,,,,,,,,,,,,,,,,,,,Spring,2000,May,142,729777
24994,2000-05-22,KULU,,,,,,,,,,,,,,,,,,,,,,,,,,,,,70.02,177.9,,,,,,,,,,,,,,,,,,,,,,,,,,,,,Spring,2000,May,143,729778
25009,2000-05-23,KULU,,,,,,,,,,,,,,,,,,,,,,,,,,,,,69.83,177.9,,,,,,,,,,,,,,,,,,,,,,,,,,,,,Spring,2000,May,144,729779
25022,2000-05-24,KULU,,,,,,,,,,,,,,,,,,,,,,,,,,,,,69.64,177.9,,,,,,,,,,,,,,,,,,,,,,,,,,,,,Spring,2000,May,145,729780
25042,2000-05-25,KULU,,,,,,,,,,,,,,,,,,,,,,,,,,,,,69.46,177.9,,,,,,,,,,,,,,,,,,,,,,,,,,,,,Spring,2000,May,146,729781
25069,2000-05-26,KULU,,,,,,,,,,,,,,,,,,,,,,,,,,,,,69.28,177.9,,,,,,,,,,,,,,,,,,,,,,,,,,,,,Spring,2000,May,147,729782
25077,2000-05-27,KULU,,,,,,,,,,,,,,,,,,,,,,,,,,,,,69.11,177.9,,,,,,,,,,,,,,,,,,,,,,,,,,,,,Spring,2000,May,148,729783
25108,2000-05-28,KULU,,,,,,,,,,,,,,,,,,,,,,,,,,,,,68.95,177.9,,,,,,,,,,,,,,,,,,,,,,,,,,,,,Spring,2000,May,149,729784
25129,2000-05-29,KULU,,,,,,,,,,,,,,,,,,,,,,,,,,,,,68.79,177.9,,,,,,,,,,,,,,,,,,,,,,,,,,,,,Spring,2000,May,150,729785
25140,2000-05-30,KULU,,,,,,,,,,,,,,,,,,,,,,,,,,,,,68.64,177.9,,,,,,,,,,,,,,,,,,,,,,,,,,,,,Spring,2000,May,151,729786
25167,2000-05-31,KULU,,,,,,,,,,,,,,,,,,,,,,,,,,,,,68.49,177.9,,,,,,,,,,,,,,,,,,,,,,,,,,,,,Spring,2000,May,152,729787
25185,2000-06-01,KULU,,,,,,,,,,,,,,,,,,,,,,,,,,,,,68.35,177.9,,,,,,,,,,,,,,,,,,,,,,,,,,,,,Summer,2000,June,153,729788
25201,2000-06-02,KULU,,,,,,,,,,,,,,,,,,,,,,,,,,,,,68.22,177.9,,,,,,,,,,,,,,,,,,,,,,,,,,,,,Summer,2000,June,154,729789
25208,2000-06-03,KULU,,,,,,,,,,,,,,,,,,,,,,,,,,,,,68.1,177.9,,,,,,,,,,,,,,,,,,,,,,,,,,,,,Summer,2000,June,155,729790
25234,2000-06-04,KULU,,,,,,,,,,,,,,,,,,,,,,,,,,,,,67.98,177.9,,,,,,,,,,,,,,,,,,,,,,,,,,,,,Summer,2000,June,156,729791
25256,2000-06-05,KULU,,,,,,,,,,,,,,,,,,,,,,,,,,,,,67.87,177.9,,,,,,,,,,,,,,,,,,,,,,,,,,,,,Summer,2000,June,157,729792
25266,2000-06-06,KULU,,,,,,,,,,,,,,,,,,,,,,,,,,,,,67.76,177.9,,,,,,,,,,,,,,,,,,,,,,,,,,,,,Summer,2000,June,158,729793
25296,2000-06-07,KULU,,,,,,,,,,,,,,,,,,,,,,,,,,,,,67.66,177.9,,,,,,,,,,,,,,,,,,,,,,,,,,,,,Summer,2000,June,159,729794
25316,2000-06-08,KULU,,,,,,,,,,,,,,,,,,,,,,,,,,,,,67.57,177.9,,,,,,,,,,,,,,,,,,,,,,,,,,,,,Summer,2000,June,160,729795
25325,2000-06-09,KULU,,,,,,,,,,,,,,,,,,,,,,,,,,,,,67.48,177.9,,,,,,,,,,,,,,,,,,,,,,,,,,,,,Summer,2000,June,161,729796
25342,2000-06-10,KULU,,,,,,,,,,,,,,,,,,,,,,,,,,,,,67.41,177.9,,,,,,,,,,,,,,,,,,,,,,,,,,,,,Summer,2000,June,162,729797
25365,2000-06-11,KULU,,,,,,,,,,,,,,,,,,,,,,,,,,,,,67.33,177.9,,,,,,,,,,,,,,,,,,,,,,,,,,,,,Summer,2000,June,163,729798
25394,2000-06-12,KULU,,,,,,,,,,,,,,,,,,,,,,,,,,,,,67.27,177.9,,,,,,,,,,,,,,,,,,,,,,,,,,,,,Summer,2000,June,164,729799
25411,2000-06-13,KULU,,,,,,,,,,,,,,,,,,,,,,,,,,,,,67.21,177.9,,,,,,,,,,,,,,,,,,,,,,,,,,,,,Summer,2000,June,165,729800
25424,2000-06-14,KULU,,,,,,,,,,,,,,,,,,,,,,,,,,,,,67.16,177.9,,,,,,,,,,,,,,,,,,,,,,,,,,,,,Summer,2000,June,166,729801
25451,2000-06-15,KULU,,,,,,,,,,,,,,,,,,,,,,,,,,,,,67.12,177.9,,,,,,,,,,,,,,,,,,,,,,,,,,,,,Summer,2000,June,167,729802
25473,2000-06-16,KULU,,,,,,,,,,,,,,,,,,,,,,,,,,,,,67.08,177.9,,,,,,,,,,,,,,,,,,,,,,,,,,,,,Summer,2000,June,168,729803
25481,2000-06-17,KULU,,,,,,,,,,,,,,,,,,,,,,,,,,,,,67.05,177.9,,,,,,,,,,,,,,,,,,,,,,,,,,,,,Summer,2000,June,169,729804
25502,2000-06-18,KULU,,,,,,,,,,,,,,,,,,,,,,,,,,,,,67.03,177.9,,,,,,,,,,,,,,,,,,,,,,,,,,,,,Summer,2000,June,170,729805
25515,2000-06-19,KULU,,,,,,,,,,,,,,,,,,,,,,,,,,,,,67.02,177.9,,,,,,,,,,,,,,,,,,,,,,,,,,,,,Summer,2000,June,171,729806
25543,2000-06-20,KULU,,,,,,,,,,,,,,,,,,,,,,,,,,,,,67.01,177.9,,,,,,,,,,,,,,,,,,,,,,,,,,,,,Summer,2000,June,172,729807
25563,2000-06-21,KULU,,,,,,,,,,,,,,,,,,,,,,,,,,,,,67.01,177.9,,,,,,,,,,,,,,,,,,,,,,,,,,,,,Summer,2000,June,173,729808
25569,2000-06-22,KULU,,,,,,,,,,,,,,,,,,,,,,,,,,,,,67.02,177.9,,,,,,,,,,,,,,,,,,,,,,,,,,,,,Summer,2000,June,174,729809
25604,2000-06-23,KULU,,,,,,,,,,,,,,,,,743.15,,,,,,,,,,,,67.03,177.9,,,,,,,,,,,,,,,,,,,,,,,,,,,,,Summer,2000,June,175,729810
25620,2000-06-24,KULU,203.68,163.47,34.54,6.5,,,0.96,0.79,81.21,75.01,1.23,,1.23,,7.08,145.75,785.42,,,14.1,6.75,,,,,,,,67.05,177.9,,81.21,75.01,6.25,5.87,,,,,,,,,,,,,,,,,,,,,,,,Summer,2000,June,176,729811
25641,2000-06-25,KULU,203.13,164.33,35.37,7.71,,,0.27,0.09,83.09,79.39,4.17,,4.22,,6.83,181.47,784.42,,,14.15,7.65,,,,,,,,67.08,177.9,,83.09,79.39,6.97,6.63,,,,,,,,,,,,,,,,,,,,,,,,Summer,2000,June,177,729812
25660,2000-06-26,KULU,204.06,164.89,36.6,7.59,,,-0.09,-0.35,83.2,80.38,4.84,,4.84,,4.66,181.38,785.35,,,14.19,7.74,,,,,,,,67.12,177.9,,83.2,80.38,6.91,6.76,,,,,,,,,,,,,,,,,,,,,,,,Summer,2000,June,178,729813
25677,2000-06-27,KULU,201.0,162.23,33.67,7.24,,,0.04,-0.09,82.97,80.98,3.78,,3.78,,4.49,180.19,791.4,,,14.13,7.54,,,,,,,,67.16,177.9,,82.97,80.98,6.68,6.66,,,,,,,,,,,,,,,,,,,,,,,,Summer,2000,June,179,729814
25687,2000-06-28,KULU,203.64,164.24,35.81,7.49,,,0.58,0.54,80.33,76.72,5.05,,5.05,,4.78,271.72,801.09,,,14.15,7.21,,,,,,,,67.21,177.9,,80.33,76.72,6.4,6.01,,,,,,,,,,,,,,,,,,,,,,,,Summer,2000,June,180,729815
25709,2000-06-29,KULU,165.65,131.64,26.93,,,,0.99,1.32,84.08,81.73,3.42,,3.42,,5.87,237.11,817.47,,,14.23,,,,,,,,,67.27,177.9,,84.62,82.08,4.25,4.24,,,,,,,,,,,,,,,,,,,,,,,,Summer,2000,June,181,729816
25744,2000-06-30,KULU,195.42,156.06,40.07,,,,2.34,2.25,87.0,83.62,4.49,,4.6,,5.58,235.48,836.22,,,14.09,,,,,,,,,67.33,177.9,,87.0,83.62,4.71,4.5,,,,,,,,,,,,,,,,,,,,,,,,Summer,2000,June,182,729817
25751,2000-07-01,KULU,200.2,160.06,40.56,,,,2.3,2.22,82.85,79.35,5.77,,5.77,,4.19,235.62,836.51,,,14.19,,,,,,,,,67.4,177.9,,82.87,79.35,4.48,4.27,,,,,,,,,,,,,,,,,,,,,,,,Summer,2000,July,183,729818
25775,2000-07-02,KULU,195.0,157.62,38.27,,,,2.31,2.39,84.79,81.88,4.08,,4.08,,4.52,233.31,850.86,,,14.17,,,,,,,,,67.48,177.9,,84.79,81.88,4.76,4.56,,,,,,,,,,,,,,,,,,,,,,,,Summer,2000,July,184,729819
25792,2000-07-03,KULU,199.13,158.51,40.61,7.3,,,2.94,2.89,82.98,80.58,5.36,,5.36,,,233.88,869.42,,,14.2,,,,,,,,,67.56,177.9,,82.98,80.58,5.59,,,,,,,,,,,,,,,,,,,,,,,,,Summer,2000,July,185,729820
25813,2000-07-04,KULU,183.29,147.44,34.68,7.59,,,2.55,2.59,81.74,79.72,3.44,,3.44,,,232.37,878.04,,,14.09,,,,,,,,,67.65,177.9,,81.74,79.72,5.99,,,,,,,,,,,,,,,,,,,,,,,,,Summer,2000,July,186,729821
25842,2000-07-05,KULU,,,,,,,,,,,,,,,,,893.15,,,14.52,,,,,,,,,67.75,177.9,,,,,,,,,,,,,,,,,,,,,,,,,,,,,Summer,2000,July,187,729822
25861,2000-07-06,KULU,,,,,,,,,,,,,,,,,902.66,,,13.93,,,,,,,,,67.86,177.9,,,,,,,,,,,,,,,,,,,,,,,,,,,,,Summer,2000,July,188,729823
25882,2000-07-07,KULU,,,,,,,3.18,3.43,86.62,87.84,4.62,,4.62,,,,895.46,,,14.48,,,,,,,,,67.97,177.9,,86.62,87.84,4.64,4.78,,,,,,,,,,,,,,,,,,,,,,,,Summer,2000,July,189,729824
25906,2000-07-08,KULU,,,,,,,3.31,3.65,85.04,84.88,,,,,,,891.8,,,14.18,,,,,,,,,68.08,177.9,,85.04,84.88,4.6,4.71,,,,,,,,,,,,,,,,,,,,,,,,Summer,2000,July,190,729825
25916,2000-07-09,KULU,,,,,,,3.64,3.68,78.02,81.82,,,,,,,897.71,2.79,,14.47,,-0.36,,,,,,,68.21,177.9,,78.02,81.82,4.3,4.53,,,,,,,,,,,,,,,,,,,,,,,,Summer,2000,July,191,729826
25928,2000-07-10,KULU,170.22,127.85,,,,,3.13,2.99,86.55,84.48,4.02,,4.02,,,,888.45,2.84,,14.41,,-0.41,,,,,,,68.34,177.9,,86.55,84.48,4.65,4.5,,,,,,,,,,,,,,,,,,,,,,,,Summer,2000,July,192,729827
25963,2000-07-11,KULU,,,,,,,1.83,2.11,85.56,81.45,0.83,,0.83,,,,879.75,2.87,,13.77,,-0.44,,,,,,,68.48,177.9,,85.56,81.45,4.53,4.13,,,,,,,,,,,,,,,,,,,,,,,,Summer,2000,July,193,729828
25981,2000-07-12,KULU,,,,,,,2.14,,78.2,69.95,,,,,,,866.23,2.88,,13.72,,-0.45,,,,,,,68.62,177.9,,78.2,69.95,4.01,,,,,,,,,,,,,,,,,,,,,,,,,Summer,2000,July,194,729829
26001,2000-07-13,KULU,,,,,,,2.3,2.35,76.6,72.6,5.42,,5.42,,,,856.21,2.89,,13.96,,-0.46,,,,,,,68.77,177.9,,76.6,72.6,4.04,3.85,,,,,,,,,,,,,,,,,,,,,,,,Summer,2000,July,195,729830
26016,2000-07-14,KULU,,,,,,,1.28,1.1,86.79,80.16,,,,,,,858.08,2.92,,13.85,,-0.49,,,,,,,68.93,177.9,,86.79,80.16,4.23,3.85,,,,,,,,,,,,,,,,,,,,,,,,Summer,2000,July,196,729831
26031,2000-07-15,KULU,120.93,103.11,,,,,2.44,2.48,83.74,80.56,3.06,,3.06,,,,876.54,2.95,,13.91,,-0.52,,,,,,,69.09,177.9,,83.74,80.56,4.34,4.2,,,,,,,,,,,,,,,,,,,,,,,,Summer,2000,July,197,729832
26058,2000-07-16,KULU,160.64,138.7,,,,,3.02,2.96,73.23,71.66,8.96,,8.96,,,,882.4,2.98,,14.05,,-0.55,,,,,,,69.26,177.9,,73.23,71.66,3.93,3.83,,,,,,,,,,,,,,,,,,,,,,,,Summer,2000,July,198,729833
26068,2000-07-17,KULU,185.36,149.95,43.37,,,,2.03,2.0,80.14,76.61,6.97,,6.97,,,205.42,873.81,2.96,,14.0,,-0.54,,,,,,,69.43,177.9,,80.14,76.61,4.03,3.85,,,,,,,,,,,,,,,,,,,,,,,,Summer,2000,July,199,729834
26099,2000-07-18,KULU,,,,,,,-0.52,-0.63,61.04,57.92,,,,,,,858.62,2.9,,14.12,,-0.47,,,,,,,69.61,177.9,,61.45,58.37,2.61,2.45,,,,,,,,,,,,,,,,,,,,,,,,Summer,2000,July,200,729835
26119,2000-07-19,KULU,,,,,,,-1.87,-2.15,59.49,62.44,17.16,,17.16,,,,852.57,2.9,,14.07,,-0.47,,,,,,,69.8,177.9,,60.61,63.8,2.32,2.38,,,,,,,,,,,,,,,,,,,,,,,,Summer,2000,July,201,729836
26138,2000-07-20,KULU,,,,,,,-1.86,-2.15,71.16,67.52,5.75,,5.75,,,,861.67,2.91,,14.04,,-0.48,,,,,,,69.99,177.9,,72.47,69.01,2.76,2.55,,,,,,,,,,,,,,,,,,,,,,,,Summer,2000,July,202,729837
26164,2000-07-21,KULU,160.38,129.11,25.53,,,,0.4,-0.65,72.49,69.12,4.17,,4.17,,,18.34,873.15,2.92,,13.57,,-0.49,,,,,,,70.19,177.9,,73.0,69.79,3.32,2.91,,,,,,,,,,,,,,,,,,,,,,,,Summer,2000,July,203,729838
26171,2000-07-22,KULU,,,,,,,-0.04,-0.38,73.66,72.04,,,,,,,855.72,2.92,,13.73,,-0.49,,,,,,,70.39,177.9,,74.06,72.54,3.27,3.1,,,,,,,,,,,,,,,,,,,,,,,,Summer,2000,July,204,729839
26187,2000-07-23,KULU,,,,,,,1.93,1.83,82.95,79.1,7.78,,7.78,,,,867.99,2.93,,14.02,,-0.51,,,,,,,70.6,177.9,,83.04,79.16,4.24,4.03,,,,,,,,,,,,,,,,,,,,,,,,Summer,2000,July,205,729840
26222,2000-07-24,KULU,80.91,72.48,20.45,,,,1.42,1.4,99.07,97.74,7.6,,7.49,,,326.75,870.34,2.99,,13.97,,-0.56,,,,,,,70.81,177.9,,99.19,97.88,4.83,4.77,,,,,,,,,,,,,,,,,,,,,,,,Summer,2000,July,206,729841
26241,2000-07-25,KULU,175.71,155.26,6.36,,,,-0.69,-1.24,85.46,80.34,3.34,,3.34,,,,868.11,2.99,,13.91,,-0.56,,,,,,,71.03,177.9,,87.11,82.02,3.58,3.21,,,,,,,,,,,,,,,,,,,,,,,,Summer,2000,July,207,729842
26256,2000-07-26,KULU,,,5.22,,,,1.48,1.44,74.28,74.35,12.56,,12.56,,,,878.37,3.01,,14.22,,-0.58,,,,,,,71.26,177.9,,74.58,74.65,3.62,3.61,,,,,,,,,,,,,,,,,,,,,,,,Summer,2000,July,208,729843
26286,2000-07-27,KULU,183.03,143.81,35.6,,,,2.69,2.56,69.07,68.24,14.13,,14.13,,,255.47,884.48,3.04,,14.0,,-0.6,,,,,,,71.49,177.9,,69.07,68.24,3.65,3.59,,,,,,,,,,,,,,,,,,,,,,,,Summer,2000,July,209,729844
26287,2000-07-28,KULU,116.12,94.15,26.17,,,,2.43,2.15,78.68,73.19,3.52,,3.52,,,,881.99,3.07,,14.02,,-0.64,,,,,,,71.72,177.9,,78.68,73.19,4.07,3.71,,,,,,,,,,,,,,,,,,,,,,,,Summer,2000,July,210,729845
26315,2000-07-29,KULU,135.78,107.45,34.27,,,,2.86,2.6,84.21,84.02,3.81,,3.81,,3.39,,884.56,3.1,,13.93,,-0.67,,,,,,,71.96,177.9,,84.21,84.02,4.46,4.37,,,,,,,,,,,,,,,,,,,,,,,,Summer,2000,July,211,729846
26342,2000-07-30,KULU,116.07,96.22,29.56,,,,2.57,2.13,93.24,89.57,2.44,,2.44,,3.57,288.88,882.27,3.13,,13.73,,-0.7,,,,,,,72.2,177.9,,93.24,89.57,4.85,4.53,,,,,,,,,,,,,,,,,,,,,,,,Summer,2000,July,212,729847
26364,2000-07-31,KULU,133.56,104.23,22.93,,,,3.46,3.67,89.35,88.66,4.0,,4.08,,3.32,338.52,884.57,3.15,,13.99,,-0.72,,,,,,,72.45,177.9,,89.35,88.66,4.95,4.99,,,,,,,,,,,,,,,,,,,,,,,,Summer,2000,July,213,729848
26370,2000-08-01,KULU,90.63,72.52,30.07,,,,5.14,5.91,97.91,94.13,4.91,,4.91,,3.85,,885.7,3.2,,13.9,,-0.77,,,,,,,72.7,177.9,,97.91,94.13,6.09,6.16,,,,,,,,,,,,,,,,,,,,,,,,Summer,2000,August,214,729849
26388,2000-08-02,KULU,148.12,115.5,36.25,,,,5.55,5.61,92.22,87.55,10.3,,10.3,,4.94,277.21,893.24,3.27,,14.07,,-0.85,,,,,,,72.96,177.9,,92.22,87.55,5.84,5.56,,,,,,,,,,,,,,,,,,,,,,,,Summer,2000,August,215,729850
26407,2000-08-03,KULU,171.28,136.13,37.86,,,,3.98,3.96,80.87,82.48,9.71,,9.71,,5.1,266.55,888.5,3.33,,13.85,,-0.9,,,,,,,73.22,177.9,,80.87,82.48,4.63,4.73,,,,,,,,,,,,,,,,,,,,,,,,Summer,2000,August,216,729851
26427,2000-08-04,KULU,144.08,112.1,19.04,,,,0.6,0.25,57.99,54.47,19.03,,19.03,,1.17,200.97,872.09,3.31,,14.05,,-0.88,,,,,,,73.49,177.9,,58.13,54.65,2.65,2.42,,,,,,,,,,,,,,,,,,,,,,,,Summer,2000,August,217,729852
26458,2000-08-05,KULU,153.81,125.8,16.34,,,,0.52,0.3,64.08,60.72,6.81,,6.81,,6.28,170.1,877.95,3.31,,13.84,,-0.89,,,,,,,73.76,177.9,,64.4,61.08,3.04,2.77,,,,,,,,,,,,,,,,,,,,,,,,Summer,2000,August,218,729853
26471,2000-08-06,KULU,66.64,61.25,7.15,,,,0.57,0.39,86.27,81.11,1.34,,1.34,,,212.93,876.93,3.31,,13.96,,-0.88,,,,,,,74.03,177.9,,86.41,81.19,3.92,3.62,,,,,,,,,,,,,,,,,,,,,,,,Summer,2000,August,219,729854
26489,2000-08-07,KULU,93.04,80.57,20.73,,,,1.86,1.59,93.85,92.31,1.26,,1.26,,3.9,,879.57,3.29,,13.84,,-0.86,,,,,,,74.31,177.9,,93.86,92.38,4.65,4.49,,,,,,,,,,,,,,,,,,,,,,,,Summer,2000,August,220,729855
26516,2000-08-08,KULU,75.91,62.25,21.3,,,,2.16,1.83,98.67,95.73,3.01,,3.01,,2.29,,874.77,3.31,,13.78,,-0.88,,,,,,,74.59,177.9,,98.67,95.73,5.02,4.76,,,,,,,,,,,,,,,,,,,,,,,,Summer,2000,August,221,729856
26546,2000-08-09,KULU,,,,,,,1.32,1.24,96.93,95.01,2.81,,2.81,,,,865.49,3.33,,13.06,,-0.9,,,,,,,74.88,177.9,,96.93,95.01,4.69,4.57,,,,,,,,,,,,,,,,,,,,,,,,Summer,2000,August,222,729857
26559,2000-08-10,KULU,,,,,,,0.49,0.38,96.32,94.91,1.52,,1.52,,,,864.7,3.34,,13.12,,-0.91,,,,,,,75.17,177.9,,96.32,94.91,4.4,4.3,,,,,,,,,,,,,,,,,,,,,,,,Summer,2000,August,223,729858
26574,2000-08-11,KULU,,,4.18,,,,1.62,1.37,80.56,77.8,4.63,,4.63,,,,874.81,3.36,,13.22,,-0.93,,,,,,,75.46,177.9,,80.62,77.85,3.96,3.76,,,,,,,,,,,,,,,,,,,,,,,,Summer,2000,August,224,729859
26590,2000-08-12,KULU,,,,,,,2.39,2.5,91.01,89.18,,,,,,,867.8,3.37,,12.9,,-0.94,,,,,,,75.76,177.9,,91.01,89.18,4.75,4.69,,,,,,,,,,,,,,,,,,,,,,,,Summer,2000,August,225,729860
26618,2000-08-13,KULU,100.05,74.98,39.99,,,,3.74,3.86,92.14,95.32,3.46,,3.46,,,240.61,881.57,3.4,,13.72,,-0.97,,,,,,,76.06,177.9,,92.14,95.32,5.21,5.44,,,,,,,,,,,,,,,,,,,,,,,,Summer,2000,August,226,729861
26630,2000-08-14,KULU,76.18,57.5,18.16,,,,3.57,3.67,90.78,90.57,3.26,,3.26,,2.26,249.63,883.35,3.42,,13.93,,-0.99,,,,,,,76.37,177.9,,90.78,90.57,5.07,5.1,,,,,,,,,,,,,,,,,,,,,,,,Summer,2000,August,227,729862
26655,2000-08-15,KULU,86.56,65.03,,,,,2.12,,84.23,83.12,5.16,,5.16,,,,875.18,3.42,,13.8,,-0.99,,,,,,,76.67,177.9,,84.26,83.16,4.31,,,,,,,,,,,,,,,,,,,,,,,,,Summer,2000,August,228,729863
26678,2000-08-16,KULU,85.16,63.52,,,,,3.0,2.95,85.08,84.94,5.47,,5.47,,,,876.08,3.43,,13.65,,-1.0,,,,,,,76.98,177.9,,85.08,84.94,4.6,4.53,,,,,,,,,,,,,,,,,,,,,,,,Summer,2000,August,229,729864
26699,2000-08-17,KULU,,,,,,,3.15,3.05,69.15,67.81,16.11,,16.11,,,,873.9,3.45,,13.18,,-1.02,,,,,,,77.3,177.9,,69.15,67.81,3.82,3.74,,,,,,,,,,,,,,,,,,,,,,,,Summer,2000,August,230,729865
26726,2000-08-18,KULU,137.29,98.44,36.49,,,,4.75,4.81,78.86,77.51,6.92,,6.92,,6.38,132.21,890.46,3.45,,13.67,,-1.02,,,,,,,77.61,177.9,,78.86,77.51,4.75,4.68,,,,,,,,,,,,,,,,,,,,,,,,Summer,2000,August,231,729866
26730,2000-08-19,KULU,,,,,,,5.29,5.25,84.45,83.65,9.61,,9.61,,,,886.03,3.48,,13.51,,-1.05,,,,,,,77.93,177.9,,84.45,83.65,5.3,5.22,,,,,,,,,,,,,,,,,,,,,,,,Summer,2000,August,232,729867
26765,2000-08-20,KULU,92.7,58.55,,,,,4.36,4.11,84.91,87.34,7.67,,7.67,,,,883.59,3.5,,13.65,,-1.07,,,,,,,78.25,177.9,,84.91,87.34,5.0,5.06,,,,,,,,,,,,,,,,,,,,,,,,Summer,2000,August,233,729868
26769,2000-08-21,KULU,,,,,,,3.65,3.68,88.5,89.01,,,,,,,875.89,3.52,,13.06,,-1.09,,,,,,,78.58,177.9,,88.5,89.01,5.0,5.04,,,,,,,,,,,,,,,,,,,,,,,,Summer,2000,August,234,729869
26801,2000-08-22,KULU,,,,,,,1.41,1.54,93.55,91.71,1.91,,1.91,,,,870.3,3.54,,12.92,,-1.11,,,,,,,78.91,177.9,,93.55,91.71,4.54,4.5,,,,,,,,,,,,,,,,,,,,,,,,Summer,2000,August,235,729870
26817,2000-08-23,KULU,70.83,49.58,15.08,,,,1.86,1.73,85.14,81.31,4.78,,4.78,,4.52,288.93,878.3,3.53,,13.36,,-1.1,,,,,,,79.24,177.9,,85.14,81.31,4.24,4.01,,,,,,,,,,,,,,,,,,,,,,,,Summer,2000,August,236,729871
26838,2000-08-24,KULU,65.14,40.32,25.73,,,,2.94,2.91,95.19,95.39,3.57,,3.57,,2.93,,880.59,3.54,,13.78,,-1.11,,,,,,,79.57,177.9,,95.19,95.39,5.09,5.09,,,,,,,,,,,,,,,,,,,,,,,,Summer,2000,August,237,729872
26862,2000-08-25,KULU,134.94,85.83,36.0,,,,1.21,0.96,69.8,64.66,16.66,,16.66,,3.45,213.33,880.67,3.5,,13.73,,-1.07,,,,,,,79.9,177.9,,69.82,64.7,3.29,2.99,,,,,,,,,,,,,,,,,,,,,,,,Summer,2000,August,238,729873
26879,2000-08-26,KULU,128.94,86.26,20.63,,,,-0.11,-0.43,64.42,63.06,11.66,,11.66,,,205.56,874.65,3.48,,13.63,,-1.05,,,,,,,80.24,177.9,,64.9,63.6,2.88,2.73,,,,,,,,,,,,,,,,,,,,,,,,Summer,2000,August,239,729874
26900,2000-08-27,KULU,86.78,56.52,20.29,,,,-0.53,-0.45,79.25,76.28,2.06,,2.06,,,209.95,870.2,3.48,,13.77,,-1.05,,,,,,,80.58,177.9,,80.07,76.98,3.35,3.23,,,,,,,,,,,,,,,,,,,,,,,,Summer,2000,August,240,729875
26919,2000-08-28,KULU,115.89,81.47,23.74,,,,0.12,-0.19,76.83,72.67,3.42,,3.42,,5.33,221.44,877.27,3.49,,13.59,,-1.06,,,,,,,80.92,177.9,,77.44,73.41,3.39,3.1,,,,,,,,,,,,,,,,,,,,,,,,Summer,2000,August,241,729876
26927,2000-08-29,KULU,117.93,82.57,20.35,,,,-1.59,-1.93,64.06,61.88,10.15,,10.15,,,160.91,864.09,3.51,,13.52,,-1.08,,,,,,,81.26,177.9,,65.68,63.58,2.58,2.41,,,,,,,,,,,,,,,,,,,,,,,,Summer,2000,August,242,729877
26952,2000-08-30,KULU,112.07,73.73,26.53,,,,0.29,0.05,64.94,67.19,12.89,,12.89,,,3.69,875.31,3.52,,13.76,,-1.09,,,,,,,81.61,177.9,,65.61,67.98,2.98,3.01,,,,,,,,,,,,,,,,,,,,,,,,Summer,2000,August,243,729878
26977,2000-08-31,KULU,97.53,55.87,34.04,,,,4.45,4.39,83.99,85.12,8.29,,8.29,,9.64,256.97,893.55,3.57,,13.73,,-1.14,,,,,,,81.96,177.9,,83.99,85.12,4.93,4.97,,,,,,,,,,,,,,,,,,,,,,,,Summer,2000,August,244,729879
26994,2000-09-01,KULU,82.86,49.69,22.85,,,,1.29,1.02,87.16,82.44,1.67,,1.67,,6.58,,884.26,3.59,,13.67,,-1.16,,,,,,,82.31,177.9,,87.33,82.66,4.13,3.83,,,,,,,,,,,,,,,,,,,,,,,,Autumn,2000,September,245,729880
27018,2000-09-02,KULU,69.03,42.67,15.24,,,,0.43,0.21,80.58,76.1,3.04,,3.04,,2.4,245.0,875.58,3.59,,13.72,,-1.16,,,,,,,82.66,177.9,,80.69,76.22,3.62,3.36,,,,,,,,,,,,,,,,,,,,,,,,Autumn,2000,September,246,729881
27034,2000-09-03,KULU,24.14,13.37,14.18,,,,2.63,2.65,94.61,93.33,12.62,,12.62,,1.24,,867.27,3.64,,13.33,,-1.21,,,,,,,83.01,177.9,,94.61,93.33,5.03,4.98,,,,,,,,,,,,,,,,,,,,,,,,Autumn,2000,September,247,729882
27051,2000-09-04,KULU,23.85,12.96,13.59,,,,2.96,2.98,94.54,93.67,12.27,,12.27,,0.42,225.2,867.78,3.69,,13.32,,-1.26,,,,,,,83.37,177.9,,94.54,93.67,5.14,5.1,,,,,,,,,,,,,,,,,,,,,,,,Autumn,2000,September,248,729883
27080,2000-09-05,KULU,72.42,58.56,17.3,,,,0.21,-0.25,91.11,91.34,3.01,,3.01,,,,869.1,3.69,,13.63,,-1.26,,,,,,,83.72,177.9,,91.29,91.75,4.07,3.94,,,,,,,,,,,,,,,,,,,,,,,,Autumn,2000,September,249,729884
27103,2000-09-06,KULU,71.34,49.18,14.69,,,,-0.67,-1.0,74.36,75.52,7.12,,7.12,,,,866.88,3.7,,13.81,,-1.27,,,,,,,84.08,177.9,,75.28,76.62,3.12,3.08,,,,,,,,,,,,,,,,,,,,,,,,Autumn,2000,September,250,729885
27114,2000-09-07,KULU,71.37,48.2,16.71,,,,-0.43,-0.81,74.65,74.49,7.07,,7.07,,,,868.82,3.7,,13.72,,-1.27,,,,,,,84.44,177.9,,75.53,75.55,3.2,3.08,,,,,,,,,,,,,,,,,,,,,,,,Autumn,2000,September,251,729886
27133,2000-09-08,KULU,101.28,71.8,13.31,,,,-4.6,-5.07,71.4,80.03,8.43,,8.43,,,,826.06,3.69,,13.68,,-1.26,,,,,,,84.8,177.9,,74.75,84.21,2.35,2.53,,,,,,,,,,,,,,,,,,,,,,,,Autumn,2000,September,252,729887
27158,2000-09-09,KULU,99.47,69.63,9.93,,,,-5.27,-5.58,71.99,81.31,6.89,,6.89,,,,796.58,3.7,,13.6,,-1.27,,,,,,,85.16,177.9,,75.77,85.99,2.35,2.57,,,,,,,,,,,,,,,,,,,,,,,,Autumn,2000,September,253,729888
27173,2000-09-10,KULU,52.95,35.94,6.84,,,,-3.36,-3.56,85.34,88.05,4.51,,4.51,,,,832.69,3.7,,13.79,,-1.27,,,,,,,85.52,177.9,,88.1,91.02,3.08,3.13,,,,,,,,,,,,,,,,,,,,,,,,Autumn,2000,September,254,729889
27195,2000-09-11,KULU,77.02,61.97,-0.13,,,,-5.56,-5.91,75.78,86.45,10.59,,10.59,,,,809.82,3.7,,13.68,,-1.27,,,,,,,85.89,177.9,,80.1,91.75,2.36,2.61,,,,,,,,,,,,,,,,,,,,,,,,Autumn,2000,September,255,729890
27222,2000-09-12,KULU,94.16,71.03,6.59,,,,-5.18,-5.5,66.02,77.13,12.89,,12.93,,,23.7,805.84,3.7,,13.62,,-1.27,,,,,,,86.25,177.9,,69.48,81.5,2.13,2.42,,,,,,,,,,,,,,,,,,,,,,,,Autumn,2000,September,256,729891
27243,2000-09-13,KULU,48.21,32.45,8.97,,,,-5.49,-5.8,79.52,90.65,6.68,,6.68,,,,769.85,3.7,,13.8,,-1.27,,,,,,,86.62,177.9,,83.76,96.0,2.67,2.94,,,,,,,,,,,,,,,,,,,,,,,,Autumn,2000,September,257,729892
27258,2000-09-14,KULU,107.22,93.93,10.04,,,,-3.24,-3.51,87.24,85.87,4.75,,4.75,,,94.1,848.95,3.61,,13.5,,-1.18,,,,,,,86.37,172.35,,90.38,89.16,3.04,2.93,,,,,,,,,,,,,,,,,,,,,,,,Autumn,2000,September,258,729893
